country;yr;u;nrrFam;accu;tlv;ud
Australia;1960;1.246594071;;;;50.17292786
Australia;1961;2.455487967;;;;49.47180939
Australia;1962;2.319218636;;;;49.52106094
Australia;1963;1.867157698;;;;49.163414
Australia;1964;1.448286772;;;;48.19296265
Australia;1965;1.363484979;;;20.70000076;47.88634491
Australia;1966;1.688496947;;;19.89999962;45.83517456
Australia;1967;1.816037655;;;20.39999962;45.02021408
Australia;1968;1.65241003;;;20.39999962;44.78983688
Australia;1969;1.573383451;;;20.70000076;44.37794113
Australia;1970;1.493359327;;;21.10000038;44.15357971
Australia;1971;1.737491488;39.54898071;;21.89999962;45.38865662
Australia;1972;2.621435404;45.23479462;;21.39999962;46.33092117
Australia;1973;1.886077166;55.52248383;;22.5;47.23434067
Australia;1974;2.463405848;53.72434235;;24.60000038;48.80023956
Australia;1975;4.770507813;47.36701965;;25.39999962;50.06398773
Australia;1976;4.952014446;57.20640945;;25.60000038;49.46821213
Australia;1977;5.909198284;56.07329178;;25.39999962;48.73694611
Australia;1978;6.499222755;57.97844696;;24.5;49.22977066
Australia;1979;6.122083664;57.93268204;;25.10000038;49.5873909
Australia;1980;6.187365532;52.18980408;;26.20000076;49.63658905
Australia;1981;5.881696224;53.58208847;;26.39999962;49.05454254
Australia;1982;7.045244694;52.88000107;;26.79999924;49.36511993
Australia;1983;10.34975719;54.94245148;;26.10000038;49.81058884
Australia;1984;8.922535896;57.31504059;;27.70000076;49.09263992
Australia;1985;8.258135796;58.22304535;;27.79999924;49.07826233
Australia;1986;8.080572128;59.77349091;;28.60000038;48.6003685
Australia;1987;8.106394768;59.54067612;;28.60000038;48.01980209
Australia;1988;7.22580862;65.54943085;;28.29999924;46.50787354
Australia;1989;6.174987793;62.0527916;;28;45.26965332
Australia;1990;6.925963879;65.52296448;;28;45.40411758
Australia;1991;9.593219757;68.44464111;;26.60000038;46.55011368
Australia;1992;10.80460739;69.08889771;;26.10000038;43.68697739
Australia;1993;10.89653111;70.28868866;;26.5;41.93888092
Australia;1994;9.748069763;67.2804184;;27.39999962;37.5920639
Australia;1995;8.494262695;66.19075775;;28.20000076;34.79844284
Australia;1996;8.546901703;68.14582062;;28.79999924;34.38429642
Australia;1997;8.450525284;68.58976746;;28.60000038;32.88093948
Australia;1998;7.716554642;66.40202332;;29.39999962;31.04249573
Australia;1999;6.930813789;66.18735504;;29.79999924;28.48978996
Australia;2000;6.27565527;64.36056519;;30.39999962;28.08736801
Australia;2001;6.75495863;68.39719391;;28.89999962;27.79854965
Australia;2002;6.362736225;65.26101685;;29.79999924;26.49562645
Australia;2003;5.943826675;63.5725975;;30;26.28029442
Australia;2004;5.396630764;61.17873764;;30.29999924;25.47969246
Australia;2005;5.044790268;60.99378586;;30;25.50098991
Australia;2006;4.789361;60.55944443;;29.60000038;23.42910004
Australia;2007;4.379647732;57.25798798;;29.70000076;21.78594589
Australia;2008;4.24938345;55.33108521;;27.10000038;21.83472443
Australia;2009;5.593056679;53.54136276;;25.79999924;22.5572567
Australia;2010;5.223993301;;;25.60000038;21.57918549
Australia;2011;5.092373371;;;26.5;21.65998268
Australia;2012;5.234797478;;;;
Australia;2013;5.674351692;;;;
Austria;1960;2.599999905;;;;67.88319397
Austria;1961;2;;3.780963659;;67.33297729
Austria;1962;2;;3.591303587;;66.6570282
Austria;1963;2.200000048;;3.511850834;;67.05964661
Austria;1964;2.099999905;;3.838778019;;66.62435913
Austria;1965;2;;3.937947035;33.90000153;66.15817261
Austria;1966;1.899999976;;4.20437336;34.59999847;65.84437561
Austria;1967;2;;3.769857883;34.5;65.09120941
Austria;1968;2.099999905;;3.648534298;34.5;62.05251694
Austria;1969;2.099999905;;3.692363977;35;63.06902313
Austria;1970;1.399999976;;4.089277744;33.90000153;62.75217438
Austria;1971;1.299999952;60.79970551;4.761946201;34.59999847;61.89138794
Austria;1972;1.200000048;54.93818855;5.5010252;35;60.99781799
Austria;1973;1.100000024;49.0766716;5.069367886;35.20000076;60.83205795
Austria;1974;1.399999976;48.72146225;4.964648724;36.20000076;57.9337883
Austria;1975;1.700000048;48.3662529;4.141838074;36.70000076;58.9921875
Austria;1976;1.700000048;54.1579113;4.179431915;36.59999847;59.20436859
Austria;1977;1.799999952;59.9495697;4.404272079;36.90000153;58.61665344
Austria;1978;1.600000024;76.00219727;3.542398691;39.09999847;57.61611176
Austria;1979;1.399999976;74.02183533;3.726645231;38.5;56.67036438
Austria;1980;1.799999952;73.70892334;3.712632179;39;56.71901703
Austria;1981;2.799999952;73.80819702;3.430006266;40.09999847;56.36333847
Austria;1982;3.299999952;72.81578064;2.575342894;38.79999924;53.79174423
Austria;1983;3.400000095;72.04286194;2.401462078;38.5;53.59566879
Austria;1984;3.400000095;71.6730423;2.251553297;40.20000076;52.10138702
Austria;1985;3.700000048;72.05249023;2.496954918;40.90000153;51.60348892
Austria;1986;3.900000095;72.30685425;2.443259954;40.79999924;50.59109116
Austria;1987;3.700000048;73.57736206;2.563157082;40.40000153;49.59010315
Austria;1988;3.299999952;73.43424225;2.848621368;40.40000153;48.90173721
Austria;1989;2.900000095;71.82887268;2.928833008;39.40000153;47.99166107
Austria;1990;3.099999905;71.73890686;3.068684816;39.70000076;46.92970276
Austria;1991;3.400000095;72.1129837;3.399144411;40.20000076;45.52929688
Austria;1992;3.400000095;72.14134216;3.135247469;41.70000076;44.26507187
Austria;1993;4;74.46521759;2.822346687;42.09999847;43.21592712
Austria;1994;3.799999952;73.17012787;3.009756327;41.90000153;41.43383408
Austria;1995;3.900000095;72.59287262;2.844900131;41.40000153;41.0562973
Austria;1996;4.300000191;71.83817291;2.966285944;42.79999924;40.1152916
Austria;1997;4.400000095;71.86406708;2.790982008;44.20000076;38.89431
Austria;1998;4.5;71.046875;2.803872108;44.09999847;38.36297226
Austria;1999;3.900000095;71.81276703;2.655884743;43.79999924;37.42803955
Austria;2000;3.599999905;71.86945343;2.783979416;43;36.63795853
Austria;2001;3.599999905;67.05108643;2.463711977;44.90000153;35.67667007
Austria;2002;4.199999809;66.92766571;1.980338216;43.59999847;35.20172501
Austria;2003;4.300000191;66.99056244;2.135578871;43.5;34.38927841
Austria;2004;4.900000095;67.15782166;2.020935535;43;34.13210297
Austria;2005;5.199999809;68.00712585;1.931305766;42.09999847;33.32829285
Austria;2006;4.800000191;67.77326202;1.855399489;41.5;31.00363159
Austria;2007;4.400000095;67.50644684;1.973150492;41.79999924;29.92356873
Austria;2008;3.799999952;67.60281372;1.903910518;42.79999924;29.07568932
Austria;2009;4.800000191;67.56060791;1.320604205;42.40000153;28.65025711
Austria;2010;4.400000095;;1.191292405;42.20000076;28.37167931
Austria;2011;4.199999809;;1.579715729;42.29999924;27.7699852
Austria;2012;4.300000191;;1.553080082;;
Austria;2013;4.900000095;;1.35692966;;
Belgium;1960;2.200000048;;;;41.46954727
Belgium;1961;1.799999952;;2.604887962;;40.44718552
Belgium;1962;1.700000048;;2.900207281;;38.89642334
Belgium;1963;1.5;;2.6302495;;39.7781868
Belgium;1964;1.399999976;;3.435858727;;39.34938812
Belgium;1965;1.600000024;;3.510318041;31.10000038;39.86150742
Belgium;1966;1.700000048;;3.739171505;33.29999924;40.30303192
Belgium;1967;2.400000095;;3.69865942;33.90000153;41.23627472
Belgium;1968;2.799999952;;3.190280437;34.79999924;42.012043
Belgium;1969;2.200000048;;3.246014833;34.90000153;41.97790909
Belgium;1970;1.799999952;;3.60403204;33.79999924;42.07179642
Belgium;1971;1.700000048;63.25233078;3.307977676;35;43.93001175
Belgium;1972;2.200000048;61.12042046;3.072654009;34.79999924;46.78966904
Belgium;1973;2.200000048;58.98851013;3.447380543;36;47.95244217
Belgium;1974;2.299999952;60.72972298;3.71822381;36.90000153;49.12088013
Belgium;1975;4.199999809;62.47093582;3.562826633;39.40000153;51.86351776
Belgium;1976;5.5;64.06328773;3.645509005;39.59999847;53.4212265
Belgium;1977;6.300000191;65.65563965;3.256011724;41.59999847;54.34667587
Belgium;1978;6.800000191;63.67626381;3.187199354;42.20000076;53.41277695
Belgium;1979;7;61.69688797;2.827903509;42.90000153;53.45245743
Belgium;1980;7.400000095;64.17285728;3.220353603;41.20000076;54.09717941
Belgium;1981;9.399999619;66.6488266;1.786155939;41.5;53.36673355
Belgium;1982;11;66.89892578;1.413904309;42.70000076;52.11549377
Belgium;1983;10.69999981;66.49757385;0.940406799;43.40000153;51.88843536
Belgium;1984;10.80000019;65.63957977;1.01759088;44.20000076;51.98022461
Belgium;1985;10.10000038;66.10945892;1.215038061;44.29999924;52.4272995
Belgium;1986;10;66.13629913;1.302776098;44;51.51895905
Belgium;1987;9.800000191;66.3670578;1.528393745;44.59999847;51.64878082
Belgium;1988;8.800000191;65.85198975;2.44690752;43.29999924;51.35834122
Belgium;1989;7.400000095;61.56739044;3.115898132;41.5;52.44988251
Belgium;1990;6.599999905;60.46287537;3.523534536;41.90000153;53.937397
Belgium;1991;6.400000095;60.67583466;2.837110996;42.09999847;54.33608627
Belgium;1992;7.099999905;59.79187012;2.667006969;41.70000076;54.33866501
Belgium;1993;8.600000381;60.20973206;2.241956234;43.20000076;54.97966385
Belgium;1994;9.800000191;60.43783569;2.085951805;43.40000153;54.68630981
Belgium;1995;9.699999809;60.66593933;2.079772472;43.5;55.71039963
Belgium;1996;9.5;60.76150513;1.913044095;43.90000153;55.42776108
Belgium;1997;9.199999809;60.85707092;2.086677551;44.40000153;55.59220123
Belgium;1998;9.300000191;60.26435471;2.128307343;45;54.58306503
Belgium;1999;8.5;59.67163849;2.110097408;45;50.88762665
Belgium;2000;6.900000095;58.96352386;2.278744936;44.70000076;49.48055649
Belgium;2001;6.599999905;59.1522522;2.122062206;44.59999847;49.64254761
Belgium;2002;7.5;61.54262543;1.553467512;44.70000076;50.94394302
Belgium;2003;8.199999809;60.41923141;1.334002495;44.29999924;51.89251709
Belgium;2004;8.399999619;59.94241333;1.709461808;44.40000153;53.10991287
Belgium;2005;8.5;60.06605148;1.957545757;44.5;52.8631897
Belgium;2006;8.300000191;59.32720947;1.919696093;44.09999847;54.10107803
Belgium;2007;7.5;59.80355835;2.206665754;43.59999847;52.90948486
Belgium;2008;7;59.28583145;2.201460838;44;51.86836243
Belgium;2009;7.900000095;59.68518829;1.285349488;43.09999847;51.50984955
Belgium;2010;8.300000191;;1.066846251;43.5;50.59431839
Belgium;2011;7.199999809;;1.206003428;44.09999847;50.37451935
Belgium;2012;7.599999905;;0.849642336;;
Belgium;2013;8.399999619;;0.59389621;;
Bulgaria;1991;;;;;76.30201721
Bulgaria;1992;;70.35766602;;;71.36161804
Bulgaria;1993;;73.56027985;;;66.42121124
Bulgaria;1994;;72.69028473;;;59.61758041
Bulgaria;1995;12;54.5173111;;;52.81394958
Bulgaria;1996;11.60000038;40.50487137;;;46.01031494
Bulgaria;1997;14.5;70.29553986;;;39.20668411
Bulgaria;1998;13.19999981;57.94265747;;;35.68990326
Bulgaria;1999;15.10000038;59.03544617;;;31.67484665
Bulgaria;2000;16.39999962;62.4713974;;;27.65978813
Bulgaria;2001;19.5;68.75434875;;;27.80709648
Bulgaria;2002;18.20000076;59.56198502;;;27.95440483
Bulgaria;2003;13.69999981;64.79218292;;;28.10171127
Bulgaria;2004;12.10000038;62.9663887;;;25.23797417
Bulgaria;2005;10.10000038;71.99343109;;;22.37423515
Bulgaria;2006;9;68.13358307;;;21.15160942
Bulgaria;2007;6.900000095;65.29841614;;;19.9575367
Bulgaria;2008;5.599999905;59.10598755;;;20.08877182
Bulgaria;2009;6.800000191;65.89585876;;;19.79860115
Bulgaria;2010;10.30000019;;;;
Bulgaria;2011;11.30000019;;;;
Bulgaria;2012;12.30000019;;;;
Bulgaria;2013;13;;;;
Canada;1960;6.877550125;;;;29.16250229
Canada;1961;7.067137718;;;;28.5179348
Canada;1962;5.837147236;;;;27.06867027
Canada;1963;5.486259937;;;;26.76394463
Canada;1964;4.627073765;;;;26.43881798
Canada;1965;3.873823881;;;25.20000076;26.70588303
Canada;1966;3.349793196;;;26.29999924;27.56868362
Canada;1967;3.820833921;;;27.29999924;29.58570862
Canada;1968;4.502578259;;;28.10000038;30.15301514
Canada;1969;4.417866707;;;30.29999924;30.10300255
Canada;1970;5.670041561;;;30.29999924;31.02512932
Canada;1971;6.192846298;44.49968338;;29.79999924;30.78958321
Canada;1972;6.215578079;83.17347717;;30.29999924;31.82123184
Canada;1973;5.551961899;81.33821106;;29.79999924;33.07984924
Canada;1974;5.332503319;82.91902161;;32.20000076;33.14688873
Canada;1975;6.91798687;76.59768677;;31.39999962;34.3402977
Canada;1976;7.08968401;69.31430054;;31;34.52698517
Canada;1977;8.048993111;69.89571381;;30.10000038;35.07853317
Canada;1978;8.375916481;68.01856995;;29.79999924;35.46928024
Canada;1979;7.525483608;63.75249481;;29.60000038;34.57836533
Canada;1980;7.536639214;63.5316391;;30.39999962;34.03370667
Canada;1981;7.607185364;62.69891357;;32.70000076;33.91294098
Canada;1982;11.04057121;64.48867035;;32.5;36.7979393
Canada;1983;12.01826382;67.40041351;;31.89999962;35.88999557
Canada;1984;11.34461403;70.11547852;;32;35.89020157
Canada;1985;10.64446259;69.92429352;;31.89999962;35.28783035
Canada;1986;9.685731888;70.15791321;;32.70000076;34.50253296
Canada;1987;8.82005024;70.270401;;33.59999847;33.90210342
Canada;1988;7.76175499;70.31759644;;33.20000076;33.39360428
Canada;1989;7.54641819;69.81719971;;34.29999924;33.49382782
Canada;1990;8.131444931;70.192276;;35.29999924;34.02495193
Canada;1991;10.31639767;70.68346405;;35.79999924;35.08348465
Canada;1992;11.19690895;71.00752258;;35.29999924;35.73513794
Canada;1993;11.37720776;70.43925476;;34.70000076;35.61703873
Canada;1994;10.39543819;67.34345245;;34.5;34.98687363
Canada;1995;9.488603592;69.76439667;;34.90000153;33.66921234
Canada;1996;9.619827271;70.02507782;;35.09999847;33.80524826
Canada;1997;9.10043335;76.39855194;;35.90000153;33.54245758
Canada;1998;8.278266907;75.79501343;;35.90000153;31.77190018
Canada;1999;7.582923412;76.80038452;;35.70000076;31.39188957
Canada;2000;6.828726292;76.15063477;;34.90000153;30.75663757
Canada;2001;7.227613926;73.75247192;;34.29999924;30.53803635
Canada;2002;7.672669888;73.20135498;;32.79999924;30.25931358
Canada;2003;7.582605362;71.79621124;;32.70000076;29.57771492
Canada;2004;7.184787273;71.51648712;;32.5;29.58473015
Canada;2005;6.758608818;69.77140045;;32.29999924;30.01054955
Canada;2006;6.316829205;70.16772461;;32.59999847;29.7933712
Canada;2007;6.031021595;71.55085754;;32.29999924;29.3996048
Canada;2008;6.133301258;70.39898682;;31.60000038;29.55677795
Canada;2009;8.271000862;71.5032959;;31.39999962;30.25894737
Canada;2010;8.011292458;;;30.60000038;30.02702141
Canada;2011;7.449596405;;;30.39999962;29.3757534
Canada;2012;7.286644936;;;;
Canada;2013;7.062104225;;;;
Croatia;1992;;;;;
Croatia;1993;;;;;
Croatia;1994;;;;;
Croatia;1995;;;;;
Croatia;1996;10.60000038;;;;
Croatia;1997;13.39999962;;;;
Croatia;1998;12.39999962;;;;
Croatia;1999;14.10000038;;;;
Croatia;2000;15.80000019;;;;
Croatia;2001;15.89999962;;;;
Croatia;2002;15.10000038;;;;
Croatia;2003;14.10000038;;;;
Croatia;2004;13.80000019;;;;
Croatia;2005;12.80000019;;;;
Croatia;2006;11.39999962;;;;
Croatia;2007;9.600000381;;;;
Croatia;2008;8.399999619;;;;
Croatia;2009;9.100000381;;;;
Croatia;2010;11.80000019;;;;
Croatia;2011;13.5;;;;
Croatia;2012;15.89999962;;;;
Croatia;2013;17.20000076;;;;
Cyprus;1991;;79.54969788;;;75.15371704
Cyprus;1992;;81.20194244;;;74.26351929
Cyprus;1993;;83.21231079;;;73.37332916
Cyprus;1994;;83.62038422;;;73.01760101
Cyprus;1995;2.599999905;84.8717804;;;72.66187286
Cyprus;1996;3.099999905;75.50619507;;;70.95101929
Cyprus;1997;3.400000095;77.76371765;;;69.24016571
Cyprus;1998;3.299999952;77.75556183;;;67.52931976
Cyprus;1999;3.599999905;78.30136108;;;66.50946045
Cyprus;2000;4.800000191;77.35399628;;;65.48960114
Cyprus;2001;3.900000095;77.52319336;;;64.57167816
Cyprus;2002;3.5;77.19604492;;;64.81233978
Cyprus;2003;4.099999905;75.5856781;;;65.0530014
Cyprus;2004;4.599999905;75.9964447;;;63.34306335
Cyprus;2005;5.300000191;75.92330933;;;61.63312912
Cyprus;2006;4.599999905;75.84030914;;;58.85585785
Cyprus;2007;3.900000095;76.3799057;;;56.57968903
Cyprus;2008;3.700000048;;;;54.3035202
Cyprus;2009;5.400000095;;;;52.53567886
Cyprus;2010;6.300000191;;;;50.76784134
Cyprus;2011;7.900000095;;;;49
Cyprus;2012;11.89999962;;;;
Cyprus;2013;15.89999962;;;;
Czech Republic;1989;;;;;
Czech Republic;1990;;;;;
Czech Republic;1991;;;;;
Czech Republic;1992;;;;;
Czech Republic;1993;4.099999905;60.65890121;;38.20000076;64.37934875
Czech Republic;1994;4.099999905;53.9353714;;36.90000153;51.52814484
Czech Republic;1995;4;48.51137161;;35.90000153;43.52363586
Czech Republic;1996;4;59.80989838;;34.40000153;39.51774597
Czech Republic;1997;4.900000095;59.74090576;;34.90000153;36.93949127
Czech Republic;1998;6.5;50.04195404;;33.79999924;32.05873489
Czech Republic;1999;8.699999809;49.7172699;;34.70000076;29.97008133
Czech Republic;2000;8.800000191;49.65792465;;34;27.22877693
Czech Republic;2001;8.100000381;49.87033081;;34.09999847;23.63482666
Czech Republic;2002;7.300000191;49.6150322;;34.90000153;22.20798683
Czech Republic;2003;7.800000191;49.52514648;;35.79999924;22.28187752
Czech Republic;2004;8.300000191;49.28414536;;36.29999924;20.98705864
Czech Republic;2005;7.900000095;49.03998566;;36.09999847;19.70203209
Czech Republic;2006;7.099999905;48.78668594;;35.59999847;18.69979095
Czech Republic;2007;5.300000191;50.39331818;;35.90000153;17.91030121
Czech Republic;2008;4.400000095;50.10384369;;35;17.41667747
Czech Republic;2009;6.699999809;51.69350433;;33.79999924;17.33634949
Czech Republic;2010;7.300000191;;;33.90000153;
Czech Republic;2011;6.699999809;;;34.90000153;
Czech Republic;2012;7;;;;
Czech Republic;2013;7;;;;
Denmark;1960;1.200000048;;;;56.91905975
Denmark;1961;1.100000024;;2.136863708;;57.832798
Denmark;1962;1.200000048;;2.248647213;;58.07205963
Denmark;1963;1.5;;1.868216157;;58.45528412
Denmark;1964;1.200000048;;2.72361517;;58.45641708
Denmark;1965;0.899999976;;2.690961123;30;58.19846344
Denmark;1966;1.100000024;;2.676457405;30.79999924;58.05847931
Denmark;1967;1;;2.827937365;31.29999924;57.36182404
Denmark;1968;1;;2.834194183;34.09999847;58.18799591
Denmark;1969;0.899999976;;3.436501026;33.79999924;59.22649002
Denmark;1970;0.600000024;;3.330403566;38.40000153;60.30174255
Denmark;1971;0.899999976;90.1722641;3.154898882;41.40000153;62.22595215
Denmark;1972;0.800000012;86.13891983;3.49897337;40.90000153;61.49589157
Denmark;1973;0.699999988;82.10557556;3.716890812;40.29999924;62.20689392
Denmark;1974;2.799999952;75.38233948;2.954829693;42.09999847;65.15415192
Denmark;1975;3.900000095;68.65910339;2.13671279;38.40000153;68.86940765
Denmark;1976;5.099999905;81.53325653;2.923866749;39.40000153;72.99874878
Denmark;1977;5.900000095;82.52043152;2.661579847;39.79999924;74.05840302
Denmark;1978;6.599999905;81.64912796;2.640407085;41;77.8431778
Denmark;1979;4.599999905;80.7778244;2.47454071;42.09999847;77.10393524
Denmark;1980;4.900000095;80.64936829;1.704177022;43;78.6125412
Denmark;1981;7.900000095;80.11499786;0.6094172;42.79999924;79.85571289
Denmark;1982;8.399999619;82.6607132;0.970016301;41.59999847;80.20783234
Denmark;1983;8.399999619;85.20642853;1.074416518;43.59999847;80.76602936
Denmark;1984;7.900000095;80.57562256;1.506010175;44.70000076;79.27778625
Denmark;1985;6.699999809;77.72730255;2.150695324;46.09999847;78.15848541
Denmark;1986;5;76.69927216;2.986763239;48.20000076;77.41777039
Denmark;1987;5;68.71559906;2.762894392;48.90000153;74.96627808
Denmark;1988;5.699999809;68.96155548;1.937334657;49.40000153;73.84435272
Denmark;1989;6.800000191;72.53539276;1.776730418;48.29999924;75.58847809
Denmark;1990;7.199999809;72.51325226;1.47599256;46.5;75.34360504
Denmark;1991;7.900000095;72.00337219;1.047876716;45.90000153;75.7817688
Denmark;1992;8.600000381;72.07448578;0.77172941;46.29999924;75.77553558
Denmark;1993;9.600000381;71.45225525;0.352566987;47.70000076;77.28210449
Denmark;1994;7.699999809;71.50857544;0.612195194;48.70000076;77.50527191
Denmark;1995;6.699999809;68.42370605;1.11549902;48.79999924;76.95567322
Denmark;1996;6.300000191;68.55646515;1.186282277;49.20000076;77.37605286
Denmark;1997;5.199999809;67.19347382;1.604356408;49;75.61149597
Denmark;1998;4.900000095;65.53913116;1.933516979;49.29999924;75.51866913
Denmark;1999;5.199999809;66.5741806;1.58753264;50.09999847;74.9217453
Denmark;2000;4.300000191;66.04780579;1.940035224;49.40000153;74.24501801
Denmark;2001;4.5;65.37827301;1.62860322;48.5;73.82831573
Denmark;2002;4.599999905;64.45800018;1.455156565;47.90000153;73.2337265
Denmark;2003;5.400000095;64.1424408;1.207035422;48;72.3631134
Denmark;2004;5.5;64.15026093;1.31390202;49;71.71149445
Denmark;2005;4.800000191;63.68245316;1.653727531;50.79999924;71.70376587
Denmark;2006;3.900000095;62.92965317;2.707508802;49.59999847;69.43118286
Denmark;2007;3.799999952;61.72964096;2.537222147;48.90000153;69.13043213
Denmark;2008;3.5;61.32451248;1.734531641;47.79999924;67.61065674
Denmark;2009;6;61.93105698;0.060337398;47.79999924;68.83899689
Denmark;2010;7.5;;-0.027015101;47.40000153;68.50783539
Denmark;2011;7.599999905;;0.294074088;47.70000076;
Denmark;2012;7.5;;0.377281696;;
Denmark;2013;7;;0.36353299;;
Estonia;1989;;;;;
Estonia;1990;;;;;
Estonia;1991;;;;;
Estonia;1992;;34.56941605;;;93.91560364
Estonia;1993;6.599999905;26.70750237;;;62.05064011
Estonia;1994;7.599999905;25.03418922;;;40.82299042
Estonia;1995;9.699999809;27.58935356;;36.29999924;32.35144043
Estonia;1996;10;24.94890404;;34.29999924;28.7942524
Estonia;1997;9.600000381;25.79207802;;34.29999924;22.96506119
Estonia;1998;9.199999809;27.53285217;;34;17.13586998
Estonia;1999;11.30000019;30.26139832;;32.5;16.01708794
Estonia;2000;13.60000038;28.54659843;;31;14.89830494
Estonia;2001;12.60000038;48.82403183;;30.20000076;14.27709961
Estonia;2002;10.30000019;49.19210052;;31;13.65589428
Estonia;2003;10.10000038;48.80268097;;30.79999924;11.92591572
Estonia;2004;9.699999809;49.77108765;;30.60000038;10.90482807
Estonia;2005;7.900000095;49.1149025;;30.60000038;9.883740425
Estonia;2006;5.900000095;53.7485199;;30.70000076;8.830474854
Estonia;2007;4.599999905;52.27251816;;31.39999962;7.777209282
Estonia;2008;5.5;51.67703629;;31.89999962;7.050431252
Estonia;2009;13.5;51.13093948;;35.29999924;7.707200527
Estonia;2010;16.70000076;;;34;8.066064835
Estonia;2011;12.30000019;;;32.29999924;
Estonia;2012;10;;;;
Estonia;2013;8.600000381;;;;
Finland;1960;1.600000024;;;;31.87939835
Finland;1961;1.399999976;;5.580947876;;31.50273895
Finland;1962;1.5;;5.150951385;;35.2956543
Finland;1963;1.700000048;;4.42798996;;37.44887924
Finland;1964;1.700000048;;4.541750431;;37.02220917
Finland;1965;1.5;;5.014466286;30.39999962;38.32084274
Finland;1966;1.700000048;;4.866570473;31.60000038;39.56595993
Finland;1967;3.299999952;;4.33438921;32.40000153;40.69467926
Finland;1968;4.400000095;;3.539255619;32.79999924;41.02200317
Finland;1969;3.200000048;;4.170189381;31.39999962;47.51251602
Finland;1970;2.099999905;;4.753743172;31.60000038;51.2939949
Finland;1971;2.5;;4.63385725;33.20000076;56.21228409
Finland;1972;2.900000095;48.31361008;4.75867939;33.59999847;60.81842422
Finland;1973;2.599999905;65.08703613;4.996698856;34.5;61.3737793
Finland;1974;1.899999976;58.11847305;4.872077942;33.70000076;63.19041824
Finland;1975;2.700000048;50.90816498;5.047858238;36.59999847;65.28251648
Finland;1976;3.900000095;61.46312332;3.91200304;40.09999847;67.55925751
Finland;1977;5.900000095;57.7505455;3.317655325;40.29999924;66.35339355
Finland;1978;7.300000191;53.85029984;2.43426013;36.90000153;66.93068695
Finland;1979;6;50.30571747;2.551643848;35.59999847;68.09590149
Finland;1980;4.699999809;47.85660172;3.026631594;35.79999924;69.38541412
Finland;1981;4.900000095;44.97948456;2.942926168;37.79999924;68.30516815
Finland;1982;5.400000095;46.48655701;3.076571226;36.90000153;68.42424011
Finland;1983;5.5;54.0013504;3.067409515;36.59999847;68.78134155
Finland;1984;5.199999809;50.43724823;2.711386204;38.09999847;68.98271942
Finland;1985;4.900000095;74.20982361;2.744390965;39.79999924;69.08034515
Finland;1986;5.199999809;72.19330597;2.56137681;41;70
Finland;1987;4.800000191;72.33613586;2.689917088;39.40000153;70.65164185
Finland;1988;4.199999809;71.75426483;3.15534091;42.70000076;72.30506897
Finland;1989;3.099999905;74.05419922;3.866951227;42.29999924;72.97760773
Finland;1990;3.200000048;73.26964569;3.092961788;43.70000076;72.54930115
Finland;1991;6.599999905;75.28039551;1.389156103;45.40000153;75.39690399
Finland;1992;11.69999981;73.44618988;0.225191697;44.90000153;78.39006042
Finland;1993;16.29999924;71.09494781;-0.62185967;44.40000153;80.65280151
Finland;1994;16.60000038;74.57170105;-0.568283319;46.70000076;80.33274841
Finland;1995;15.39999962;74.22813416;0.179447502;45.70000076;80.43626404
Finland;1996;14.60000038;73.52879333;0.542542279;47.09999847;80.4180603
Finland;1997;12.69999981;70.89054871;1.084323645;46.40000153;79.43478394
Finland;1998;11.39999962;71.35238647;1.56007719;46.29999924;77.99578094
Finland;1999;10.19999981;68.49575043;1.587054372;45.90000153;76.27161407
Finland;2000;9.800000191;67.77819824;1.808938742;47.20000076;74.96511841
Finland;2001;9.100000381;66.81386566;1.845756531;44.79999924;74.51630402
Finland;2002;9.100000381;68.75788116;1.369197011;44.70000076;73.49456024
Finland;2003;9;67.32193756;1.465061903;44.09999847;72.86995697
Finland;2004;8.800000191;66.14338684;1.643430471;43.5;73.29180145
Finland;2005;8.399999619;65.76231384;1.784724593;43.90000153;72.42700195
Finland;2006;7.699999809;65.248703;1.820416212;43.79999924;71.69811249
Finland;2007;6.900000095;64.06896973;2.441109896;43;70.30889893
Finland;2008;6.400000095;62.66434097;2.17074585;42.90000153;67.51592255
Finland;2009;8.199999809;62.83512115;1.020140886;42.79999924;67.19999695
Finland;2010;8.399999619;;1.025607586;42.5;69.95859528
Finland;2011;7.800000191;;1.376910686;43.70000076;69.04873657
Finland;2012;7.699999809;;1.249851704;;
Finland;2013;8.199999809;;1.080119014;;
France;1960;1.5;;;;19.64923096
France;1961;1.299999952;;3.506743431;;20.24986649
France;1962;1.5;;3.651730061;;19.11091042
France;1963;1.600000024;;3.908678055;;20.12633324
France;1964;1.200000048;;4.276948929;;19.73415947
France;1965;1.5;;4.354292393;34.20000076;19.47477531
France;1966;1.600000024;;4.518093109;33.90000153;18.89394569
France;1967;2.099999905;;4.687508106;34.29999924;19.0639267
France;1968;2.599999905;;4.821730614;34.40000153;20.41986084
France;1969;2.299999952;;5.027226925;35;22.19282341
France;1970;2.400000095;;5.04881525;34.20000076;21.69249153
France;1971;2.700000048;35.24436188;5.088028908;33.59999847;21.55954742
France;1972;2.799999952;35.61253357;5.057742596;34;21.58897781
France;1973;2.700000048;36.09239578;5.195451736;34;22.11168289
France;1974;2.700000048;36.05769348;4.946662426;34.09999847;21.74749374
France;1975;3.799999952;35.8508606;4.096691608;35.5;22.15063858
France;1976;4.099999905;36.9822464;3.907572746;37.29999924;21.297472
France;1977;4.5;37.89023209;3.524956465;37.29999924;21.27586937
France;1978;4.599999905;38.27568436;3.410446644;37.29999924;20.51990509
France;1979;5.199999809;62.28197861;3.30811882;38.79999924;19.0364151
France;1980;5.5;60.96953201;3.243746281;40.20000076;18.27994728
France;1981;6.5;60.83727646;2.873420954;40.29999924;17.76921844
France;1982;7.099999905;58.53239441;2.569812775;41.09999847;17.00491524
France;1983;7.099999905;57.61432648;2.188321114;41.59999847;15.96398544
France;1984;8.5;61.08127213;1.97318399;42.59999847;14.92687035
France;1985;8.899999619;63.81705856;1.973307133;42.79999924;13.60676861
France;1986;9.100000381;64.81912994;2.084815264;42.40000153;12.4726696
France;1987;9.300000191;66.11836243;2.220379829;43;11.93278122
France;1988;8.800000191;65.2170639;2.599497318;42.20000076;11.22956753
France;1989;8.399999619;65.22098541;2.862307549;41.90000153;10.653368
France;1990;8;63.03956604;2.896798849;42;9.990080833
France;1991;8.399999619;63.99766922;2.655423403;42.29999924;9.754971504
France;1992;9.300000191;63.78028488;2.351808071;42;9.762450218
France;1993;10.60000038;63.76253891;1.85823369;43.20000076;9.478995323
France;1994;11.10000038;63.35719299;1.854941487;43.29999924;9.060255051
France;1995;10.5;63.86547852;1.85006988;42.90000153;8.832708359
France;1996;11;65.79681396;1.776785731;44.20000076;8.400731087
France;1997;11.10000038;62.53501129;1.70052278;44.5;8.434956551
France;1998;10.69999981;62.12612915;1.96443665;44.29999924;8.265237808
France;1999;10.39999962;64.04813385;2.298447847;45.20000076;8.11860466
France;2000;9;71.59844971;2.488685608;44.40000153;8.018362045
France;2001;8.199999809;70.94834137;2.406700373;44.09999847;7.937648773
France;2002;8.300000191;69.83618927;2.109089851;43.5;8.083742142
France;2003;8.600000381;70.11557007;2.113480806;43.29999924;7.955376148
France;2004;8.899999619;70.1526947;2.188453197;43.59999847;7.753043652
France;2005;8.899999619;70.19748688;2.316042423;44.09999847;7.695132256
France;2006;8.899999619;70.45471954;2.414614439;44.40000153;7.613646984
France;2007;8;70.07359314;2.655872583;43.70000076;7.575856686
France;2008;7.5;70.14630127;2.499785185;43.5;7.591593266
France;2009;9.100000381;69.89602661;1.684344172;42.5;7.919264793
France;2010;9.300000191;;1.698528409;42.90000153;7.890555859
France;2011;9.199999809;;1.801185489;44.09999847;
France;2012;9.800000191;;1.704669237;;
France;2013;10.30000019;;1.475007296;;
Germany;1960;0.699999988;;;;34.672966
Germany;1961;0.5;;4.822368622;;34.18444824
Germany;1962;0.400000006;;4.679633141;;33.83999634
Germany;1963;0.5;;4.350836277;;33.37412643
Germany;1964;0.5;;4.705439568;;33.07344437
Germany;1965;0.400000006;;4.595396996;31.60000038;32.88681412
Germany;1966;0.5;;4.252851486;32.20000076;32.4668541
Germany;1967;1.399999976;;3.378234148;32.20000076;32.80981827
Germany;1968;1;;3.323006153;32.20000076;32.24635696
Germany;1969;0.600000024;;3.752348661;33.90000153;31.72484589
Germany;1970;0.5;;4.123966217;31.5;32.02997971
Germany;1971;0.600000024;77.90316772;4.174366474;32;32.13307953
Germany;1972;0.800000012;76.47212982;3.994637728;33.5;32.36580276
Germany;1973;0.800000012;75.54312134;3.691133499;35;32.43226242
Germany;1974;1.799999952;74.61513519;2.787403822;34.90000153;33.74528122
Germany;1975;3.299999952;70.45108032;2.286421776;34.29999924;34.57936478
Germany;1976;3.299999952;70.34644318;2.337941408;35.29999924;35.10615158
Germany;1977;3.200000048;70.19866943;2.428835154;36.70000076;35.24403763
Germany;1978;3.099999905;70.247612;2.520610332;36.70000076;35.53804016
Germany;1979;2.700000048;70.41864014;2.711777687;36.40000153;35.30386353
Germany;1980;2.700000048;70.2985611;2.653802633;36.40000153;34.89528656
Germany;1981;3.900000095;70.47048187;2.166668892;35.90000153;35.14598083
Germany;1982;5.599999905;70.16284943;1.723362923;35.5;35.02173233
Germany;1983;6.900000095;70.09286499;1.759508252;35.59999847;34.99908447
Germany;1984;7.099999905;70.03915405;1.630985379;35.70000076;34.89778519
Germany;1985;7.199999809;69.99060059;1.536742449;36.09999847;34.66611099
Germany;1986;6.599999905;69.87311554;1.590107203;35.79999924;33.91574097
Germany;1987;6.400000095;69.82128906;1.586253762;36.29999924;33.33016586
Germany;1988;6.300000191;69.76292419;1.717630625;36;33.11242294
Germany;1989;5.599999905;69.71561432;1.957349896;36.20000076;32.40996933
Germany;1990;4.800000191;69.77758026;2.238304615;34.79999924;31.21969604
Germany;1991;4.199999809;69.86850739;2.338096857;36;35.98748016
Germany;1992;4.400000095;69.96751404;2.965038776;36.90000153;33.86009216
Germany;1993;5.900000095;69.90854645;2.432552576;36.90000153;31.82211685
Germany;1994;6.699999809;68.92823029;2.53105402;37.09999847;30.37926865
Germany;1995;6.599999905;68.8733139;2.347631454;37.20000076;29.2177372
Germany;1996;7.199999809;70.52015686;2.130454302;36.5;27.75278854
Germany;1997;7.800000191;70.83349609;2.025564671;36.20000076;26.98212814
Germany;1998;7.400000095;70.77011871;2.090091467;36.5;25.9432354
Germany;1999;6.600000858;71.10482025;2.170623302;37.29999924;25.32283592
Germany;2000;6.000000477;71.26391602;2.122939587;37.5;24.570755
Germany;2001;5.900000572;71.11721039;1.687136292;36.29999924;23.74760056
Germany;2002;6.700000286;71.52181244;1.145306826;35.59999847;23.5073452
Germany;2003;7.800000668;71.48278046;0.972715855;35.79999924;23.01838875
Germany;2004;8.5;71.36878204;0.88323307;35;22.17100906
Germany;2005;9.300000191;71.42402649;0.841107488;35;21.67862892
Germany;2006;8.300000191;71.37665558;1.203359127;35.70000076;20.716465
Germany;2007;6.699999809;71.3062973;1.352790713;36.09999847;19.88737297
Germany;2008;5.5;71.20202637;1.283380628;36.5;19.12807846
Germany;2009;5.800000191;71.67456055;0.459389299;37.40000153;18.92669678
Germany;2010;5.099999905;;0.735708952;36.20000076;18.56447983
Germany;2011;3.900000095;;1.071825147;36.90000153;18.0458889
Germany;2012;3.5;;0.871197999;;
Germany;2013;3.300000191;;0.768351853;;
Greece;1960;5.5;;;;
Greece;1961;5.400000095;;7.118376255;;
Greece;1962;4.800000191;;6.940501213;;
Greece;1963;4.800000191;;5.755346298;;
Greece;1964;4.599999905;;6.78158617;;
Greece;1965;4.800000191;;7.473961353;18;
Greece;1966;5;;7.334767818;19.29999924;
Greece;1967;5.400000095;;6.521362782;20.20000076;
Greece;1968;5.599999905;;7.866672516;20.89999962;
Greece;1969;5.199999809;;8.658039093;20.60000038;
Greece;1970;4.199999809;;7.544179916;20.20000076;
Greece;1971;3.099999905;;7.738643646;20;
Greece;1972;2.099999905;;8.849816322;19.79999924;
Greece;1973;2;;9.016080856;18.29999924;
Greece;1974;2.099999905;;5.17991972;19.10000038;
Greece;1975;2.299999952;;4.996994495;19.60000038;
Greece;1976;1.899999976;;5.147931099;21.29999924;
Greece;1977;1.700000048;;5.065393925;21.60000038;35.84030914
Greece;1978;1.799999952;;5.435591698;21.60000038;37.33799362
Greece;1979;1.899999976;42.13160706;5.173173428;22.39999962;38.48258591
Greece;1980;2.700000048;42.13165092;4.152327538;21.79999924;38.96882629
Greece;1981;4;42.13169479;3.300780058;21.89999962;38.59328842
Greece;1982;5.800000191;42.71571159;2.895490646;24.70000076;38.4534874
Greece;1983;7.099999905;43.29972839;2.745726347;25.20000076;38.93753815
Greece;1984;7.199999809;44.00941086;2.017315865;25.70000076;38.15940475
Greece;1985;7;43.29969788;2.338498831;25.79999924;37.51412582
Greece;1986;6.599999905;46.08264542;2.358049393;27;37.42953873
Greece;1987;6.699999809;45.65912628;1.801846981;27.5;37.01226425
Greece;1988;6.800000191;43.30543137;2.079390287;24.79999924;35.98915863
Greece;1989;6.699999809;36.52144241;2.240318298;24.10000038;35.16949081
Greece;1990;6.400000095;35.94649124;2.339307785;26.39999962;34.11915588
Greece;1991;7.099999905;35.37154007;2.399464369;26.5;36.05385971
Greece;1992;7.900000095;35.4462738;2.03089118;27.39999962;37.5644989
Greece;1993;8.600000381;36.23692703;1.77919066;27.89999962;35.36569595
Greece;1994;8.899999619;37.75544548;1.49391675;28.10000038;33.33177948
Greece;1995;9.199999809;39.27396393;1.471009731;29.10000038;31.30194855
Greece;1996;9.600000381;39.8372612;1.673550725;36.20000076;30.32239723
Greece;1997;9.800000191;39.79941559;1.854641676;30.60000038;29.79579163
Greece;1998;11.10000038;39.96636963;2.182171106;32.29999924;27.36932564
Greece;1999;12;39.40231705;2.573072672;33.20000076;26.78617287
Greece;2000;11.19999981;39.4881134;2.846238375;34.29999924;26.5102787
Greece;2001;10.69999981;40.74666977;2.860510826;33.20000076;25.75436974
Greece;2002;10.30000019;40.52627563;3.187278986;33.90000153;25.4547596
Greece;2003;9.699999809;38.74619293;3.289851665;32.29999924;25.25611687
Greece;2004;10.5;43.61588669;3.049305201;31.5;24.52115631
Greece;2005;9.899999619;42.05644226;2.444518805;32.09999847;24.63698387
Greece;2006;8.899999619;39.39730453;3.061362743;31.60000038;24.66055107
Greece;2007;8.300000191;39.49082565;4.266653061;32.5;24.50661278
Greece;2008;7.699999809;44.28978348;2.827021599;32.09999847;23.96738052
Greece;2009;9.5;44.08786011;1.598640561;30.5;24.4553833
Greece;2010;12.60000038;;0.41893363;31.60000038;24.94338417
Greece;2011;17.70000076;;-0.856515408;32.20000076;25.43138504
Greece;2012;24.29999924;;-2.013522863;;
Greece;2013;27.29999924;;-2.136830091;;
Hungary;1991;;73.08847046;;45.5;76.29931641
Hungary;1992;;78.55615234;;45.20000076;69.50279236
Hungary;1993;;76.23105621;;46.09999847;62.70627213
Hungary;1994;;73.77312469;;43.5;55.90975189
Hungary;1995;10.10000038;69.24240112;;41.5;49.11323166
Hungary;1996;9.899999619;60.34542465;;40;42.56779861
Hungary;1997;9.100000381;55.23921204;;38.40000153;35.30210495
Hungary;1998;8.699999809;65.67293549;;38.09999847;27.5500164
Hungary;1999;6.900000095;60.10991287;;38.90000153;24.52531624
Hungary;2000;6.300000191;52.50192261;;39.29999924;21.65841675
Hungary;2001;5.599999905;55.31661987;;38.40000153;19.9877758
Hungary;2002;5.599999905;52.85199356;;38;17.42033386
Hungary;2003;5.800000191;51.25674057;;37.90000153;17.88375473
Hungary;2004;6.099999905;50.61412048;;37.70000076;16.94915199
Hungary;2005;7.199999809;50.58342361;;37.29999924;17.46809196
Hungary;2006;7.5;50.69247437;;37.29999924;17.03652
Hungary;2007;7.400000095;49.49831772;;40.29999924;16.8625145
Hungary;2008;7.800000191;48.16266632;;40.09999847;16.81284523
Hungary;2009;10;47.21093369;;39.90000153;15.83284569
Hungary;2010;11.19999981;;;38;
Hungary;2011;10.89999962;;;37.09999847;
Hungary;2012;10.89999962;;;;
Hungary;2013;10.19999981;;;;
Iceland;1960;0;;;;
Iceland;1961;0.300000012;;;;
Iceland;1962;0.200000003;;;;
Iceland;1963;0;;;;
Iceland;1964;0.200000003;;;;
Iceland;1965;0.200000003;;;26.20000076;
Iceland;1966;0.200000003;;;26.44000053;
Iceland;1967;0.699999988;;;26.68000031;
Iceland;1968;2.200000048;;;26.92000008;
Iceland;1969;4.300000191;;;27.15999985;
Iceland;1970;2.299999952;;;27.39999962;
Iceland;1971;1;;;27.92000008;
Iceland;1972;0.800000012;;;28.44000053;
Iceland;1973;0.800000012;;;28.95999908;
Iceland;1974;0.699999988;;;29.47999954;
Iceland;1975;0.899999976;;;30;
Iceland;1976;0.899999976;;;29.92000008;
Iceland;1977;0.5;;;29.84000015;
Iceland;1978;0.699999988;;;29.76000023;
Iceland;1979;0.699999988;;;29.68000031;67.15410614
Iceland;1980;0.5;;;29.60000038;66.23235321
Iceland;1981;0.600000024;;;30.70000076;67.97116089
Iceland;1982;1.200000048;;;31;71.28514099
Iceland;1983;1.799999952;;;28.29999924;75.62188721
Iceland;1984;2.200000048;;;29.60000038;78.09429932
Iceland;1985;1.600000024;;;28.20000076;78.52412415
Iceland;1986;1.100000024;;;28.39999962;81.70845032
Iceland;1987;0.800000012;;;28.70000076;83.42293549
Iceland;1988;1.100000024;;;31.29999924;90.41474915
Iceland;1989;2.799999952;;;31.39999962;96.35514069
Iceland;1990;3.099999905;;;30.89999962;92.99065399
Iceland;1991;2.599999905;;;31.29999924;87.91208649
Iceland;1992;4.300000191;;;32.09999847;87.51131439
Iceland;1993;5.300000191;;;31.10000038;86.51786041
Iceland;1994;5.300000191;;;30.60000038;87.3553009
Iceland;1995;4.800000191;;;31.20000076;87.30434418
Iceland;1996;3.700000048;;;32.29999924;87.1787796
Iceland;1997;3.900000095;;;32.20000076;87.72755432
Iceland;1998;2.799999952;;;34.5;88.07052612
Iceland;1999;2;;;36.90000153;87.41965485
Iceland;2000;2.299999952;;;37.20000076;89.42075348
Iceland;2001;2.299999952;;;35.40000153;88.09140015
Iceland;2002;3.299999952;;;35.29999924;92.46795654
Iceland;2003;3.299999952;;;36.70000076;95.16304016
Iceland;2004;3.099999905;;;37.90000153;99.06912231
Iceland;2005;2.599999905;;;40.70000076;95.5614624
Iceland;2006;2.900000095;;;41.5;91.54143524
Iceland;2007;2.299999952;;;40.59999847;87.10972595
Iceland;2008;3;;;36.70000076;79.44287109
Iceland;2009;7.199999809;;;33.90000153;
Iceland;2010;7.599999905;;;35.20000076;
Iceland;2011;7.099999905;;;36;
Iceland;2012;6;;;;
Iceland;2013;5.400000095;;;;
Ireland;1960;5.699999809;;;;46.35603714
Ireland;1961;5.199999809;;3.931077242;;48.16724014
Ireland;1962;5.099999905;;4.412015915;;49.09954071
Ireland;1963;5.300000191;;4.835260868;;48.83933258
Ireland;1964;5.199999809;;5.329414368;;49.52689362
Ireland;1965;5;;5.578126431;24.89999962;49.30086517
Ireland;1966;5.099999905;;4.828311443;26.89999962;49.3936615
Ireland;1967;5.5;;4.891100883;27.5;49.85423279
Ireland;1968;5.800000191;;5.316348076;27.89999962;50.72362137
Ireland;1969;5.5;;6.292425156;28.60000038;52.43231201
Ireland;1970;6.300000191;;5.741034508;28.10000038;54.41729355
Ireland;1971;6;46.71751785;6.005239487;29.10000038;54.42271423
Ireland;1972;6.699999809;44.85900116;6.15212822;27.89999962;54.74567795
Ireland;1973;6.199999809;45.69318771;7.038234234;28.10000038;54.44872665
Ireland;1974;5.800000191;73.80886841;5.527524471;28.5;55.06788635
Ireland;1975;7.900000095;77.88538361;5.052518368;28.39999962;56.56969833
Ireland;1976;9.800000191;74.81247711;5.299265862;31.5;57.55803299
Ireland;1977;9.699999809;70.40540314;5.152697086;30;58.23100662
Ireland;1978;9;68.02577209;5.781033039;28.39999962;58.90986252
Ireland;1979;7.800000191;82.65766144;6.471834183;28.10000038;58.78755951
Ireland;1980;8;84.60754395;5.389963627;30.70000076;58.39161682
Ireland;1981;10.80000019;79.69371033;5.783292294;31.70000076;57.86821365
Ireland;1982;12.5;87.06891632;4.953848839;33.09999847;57.36910629
Ireland;1983;13.89999962;72.32604218;3.856889486;34.5;58.43928146
Ireland;1984;15.5;72.27603912;3.562025309;35.29999924;58.28166199
Ireland;1985;16.79999924;74.83009338;2.835526705;34.20000076;55.38550186
Ireland;1986;16.79999924;70.49775696;2.544333696;35;52.76663589
Ireland;1987;16.60000038;63.90711212;2.124487162;35.20000076;51.3228569
Ireland;1988;16.20000076;61.96399307;1.998494983;36.29999924;51.62836456
Ireland;1989;14.69999981;65.0758667;2.537130833;33.09999847;52.97138214
Ireland;1990;13.39999962;63.5316925;3.024681568;32.70000076;52.20960236
Ireland;1991;14.69999981;64.79542542;2.253710747;33.29999924;52.3248024
Ireland;1992;15.39999962;64.60620117;2.172472;33.59999847;52.42493057
Ireland;1993;15.60000038;66.02359772;1.717233419;33.59999847;51.12476349
Ireland;1994;14.30000019;65.19139862;2.008750677;34.70000076;49.68039322
Ireland;1995;12.30000019;62.47433472;2.565652609;32.09999847;48.12808228
Ireland;1996;11.69999981;55.8540535;3.445939779;32.40000153;45.1759758
Ireland;1997;9.899999619;60.5741272;4.339855194;31.70000076;45.20828247
Ireland;1998;7.5;58.19360733;5.029847145;31.29999924;41.43728638
Ireland;1999;5.599999905;54.72044373;5.656820297;31.29999924;38.88932037
Ireland;2000;4.199999809;50.44541931;5.65583849;30.89999962;37.18127823
Ireland;2001;3.900000095;52.7594223;5.178930759;28.79999924;36.21463394
Ireland;2002;4.5;57.86241913;5.020528316;27.70000076;36.32199478
Ireland;2003;4.599999905;57.51065445;5.245916367;28.10000038;35.9623909
Ireland;2004;4.5;57.09587479;5.720457554;29.60000038;34.83542252
Ireland;2005;4.400000095;59.94418335;6.487244606;30.10000038;33.68721771
Ireland;2006;4.5;62.86299896;6.308056355;31.60000038;32.6889801
Ireland;2007;4.699999809;60.75230789;6.004436016;31.10000038;32.08264542
Ireland;2008;6.400000095;61.22704315;4.620474339;29.20000076;32.3891449
Ireland;2009;12;64.22975922;2.109545708;27.60000038;33.65359116
Ireland;2010;13.89999962;;0.713298619;27.39999962;36.56314087
Ireland;2011;14.69999981;;0.246745095;27.89999962;36.06583023
Ireland;2012;14.69999981;;0.268990815;;
Ireland;2013;13.10000038;;0.378415883;;
Italy;1960;5.699999809;;;;24.6776123
Italy;1961;5.199999809;;5.191997528;;24.77643013
Italy;1962;4.5;;5.493082047;;25.22587967
Italy;1963;3.700000048;;5.637629509;;26.0590229
Italy;1964;4;;4.583869934;;26.57480621
Italy;1965;5;;3.477098465;25.5;25.495718
Italy;1966;5.400000095;;3.517738819;25.29999924;25.31549644
Italy;1967;5;;4.080678463;26.20000076;25.27072334
Italy;1968;5.300000191;;4.555626392;27;31.43722725
Italy;1969;5.300000191;;4.817531586;26.39999962;32.96069336
Italy;1970;5.099999905;;4.652478695;25.70000076;36.96979141
Italy;1971;5.099999905;;4.4775033;26.29999924;39.72528839
Italy;1972;6;19.72671509;4.33023262;26.29999924;41.78541183
Italy;1973;5.900000095;16.99063873;4.609435081;23.89999962;43.31892776
Italy;1974;5;14.09063339;4.475350857;25.10000038;46.21910858
Italy;1975;5.5;20.15963745;3.43695426;25.39999962;48.04586792
Italy;1976;6.199999809;19.21268082;3.271194935;26.29999924;50.46371078
Italy;1977;6.699999809;12.48447037;3.185460806;26.79999924;49.79964447
Italy;1978;6.699999809;12.57391834;3.109177351;27;50.40901566
Italy;1979;7.199999809;11.07966137;3.375487804;26.10000038;49.70567703
Italy;1980;7.099999905;12.54009151;3.777291536;29.70000076;49.58272934
Italy;1981;7.400000095;11.23718643;3.355911016;30.89999962;48.02897644
Italy;1982;8;10.20357132;2.839066267;33;46.68877792
Italy;1983;7.400000095;12.64842415;2.521229744;35;45.51531982
Italy;1984;7.900000095;13.7816;2.556070089;34.09999847;45.31045914
Italy;1985;8.199999809;14.45026875;2.401661396;33.59999847;42.48508835
Italy;1986;8.899999619;20.40915108;2.363367558;35.20000076;40.37690353
Italy;1987;9.600000381;17.68915939;2.452938318;35.29999924;40.0456543
Italy;1988;9.699999809;15.72797489;2.697288513;35.79999924;39.81423569
Italy;1989;9.699999809;30.60604286;2.75176549;36.79999924;39.3837204
Italy;1990;8.899999619;28.64736366;2.825669289;37.59999847;38.8052597
Italy;1991;8.5;28.17381096;2.683595896;38.09999847;38.65660095
Italy;1992;8.800000191;33.97285461;2.370727539;40.40000153;38.87382507
Italy;1993;9.699999809;33.94052505;1.439758778;42;39.22505951
Italy;1994;10.60000038;33.65964508;1.366686583;40;38.7299118
Italy;1995;11.19999981;34.49753952;1.651685715;39.90000153;38.06985092
Italy;1996;11.19999981;51.97169876;1.631836414;41.59999847;37.35697937
Italy;1997;11.19999981;50.22760773;1.58652091;43.09999847;36.23302841
Italy;1998;11.30000019;49.62540817;1.689459205;41.40000153;35.6853981
Italy;1999;10.89999962;49.96927643;1.789263487;42.29999924;35.401577
Italy;2000;10;49.31843948;2.039157867;42;34.80170059
Italy;2001;9;60.48900986;2.043626547;41.70000076;34.19613266
Italy;2002;8.5;63.28622055;2.099371672;41.09999847;33.78629684
Italy;2003;8.399999619;62.603302;1.858267426;41.5;33.67164993
Italy;2004;8;62.57351685;1.853313327;40.79999924;34.08441162
Italy;2005;7.699999809;62.1018486;1.811825514;40.59999847;33.59410095
Italy;2006;6.800000191;65.18367004;1.909527779;42.09999847;33.24174118
Italy;2007;6.099999905;62.32274628;1.904000759;43.20000076;33.48910904
Italy;2008;6.699999809;73.34625244;1.533427358;43;33.42668533
Italy;2009;7.800000191;73.1412735;0.702796102;43.40000153;34.70005035
Italy;2010;8.399999619;;0.689476848;43;35.45780945
Italy;2011;8.399999619;;0.518319309;43;35.21700668
Italy;2012;10.69999981;;0.031733599;;
Italy;2013;12.19999981;;-0.236839399;;
Japan;1960;1.700000048;;;;32.89493561
Japan;1961;1.399999976;;;;33.80226135
Japan;1962;1.299999952;;;;34.59699249
Japan;1963;1.299999952;;;;35.01871109
Japan;1964;1.100000024;;;;35.46869278
Japan;1965;1.200000048;;;17.79999924;35.28164291
Japan;1966;1.299999952;;;17.20000076;34.74950027
Japan;1967;1.299999952;;;17.70000076;34.4057312
Japan;1968;1.200000048;;;17.89999962;34.50762558
Japan;1969;1.100000024;;;18.29999924;35.16411209
Japan;1970;1.100000024;;;19.20000076;35.10284424
Japan;1971;1.200000048;68.34515381;;19.5;34.57209778
Japan;1972;1.399999976;67.6791687;;20.10000038;34.31168747
Japan;1973;1.299999952;67.01318359;;21.79999924;33.46611404
Japan;1974;1.399999976;66.12071228;;22.29999924;34.26450348
Japan;1975;1.899999976;65.83744049;;20.39999962;34.53099442
Japan;1976;2;66.57533264;;21.20000076;33.69881439
Japan;1977;2;67.58576202;;21.70000076;32.99814224
Japan;1978;2.200000048;67.34175873;;23.39999962;32.59542084
Japan;1979;2.099999905;66.65422058;;23.79999924;31.75696564
Japan;1980;2;64.58557892;;24.79999924;31.14832497
Japan;1981;2.200000048;64.90406799;;25.39999962;30.89175224
Japan;1982;2.400000095;65.0759201;;25.89999962;30.56612968
Japan;1983;2.599999905;65.23482513;;26.29999924;29.75285149
Japan;1984;2.700000048;53.82937241;;26.5;29.2239151
Japan;1985;2.599999905;53.96103287;;26.70000076;28.79202461
Japan;1986;2.799999952;54.09884644;;27.70000076;28.1868
Japan;1987;2.799999952;53.87337875;;28.60000038;27.7145443
Japan;1988;2.5;53.67525101;;29;26.94358826
Japan;1989;2.299999952;53.40497589;;29.29999924;26.13165283
Japan;1990;2.099999905;53.49036407;;28.5;26.13236809
Japan;1991;2.099999905;57.31105804;;28.20000076;25.24310303
Japan;1992;2.200000048;57.47117996;;26.70000076;24.9855442
Japan;1993;2.5;57.53792572;;26.79999924;24.83467865
Japan;1994;2.900000095;57.6725235;;25.79999924;24.72631836
Japan;1995;3.099999905;56.79212189;;26.39999962;24.38077164
Japan;1996;3.400000095;56.165905;;26.39999962;23.39533997
Japan;1997;3.400000095;56.50983429;;26.79999924;22.78797913
Japan;1998;4.099999905;55.36089706;;26.39999962;22.52794266
Japan;1999;4.699999809;58.62685013;;25.89999962;22.18157959
Japan;2000;4.699999809;56.2247467;;26.60000038;21.54406357
Japan;2001;5;57.56528854;;26.79999924;20.88284683
Japan;2002;5.400000095;59.58551788;;25.79999924;20.26073837
Japan;2003;5.300000191;56.37382126;;25.29999924;19.73945618
Japan;2004;4.699999809;56.64317703;;26.10000038;19.06442642
Japan;2005;4.400000095;56.32128143;;27.29999924;18.79844284
Japan;2006;4.099999905;55.84907532;;28.10000038;18.34978104
Japan;2007;3.900000095;55.70951843;;28.5;18.25094986
Japan;2008;4;55.73085022;;28.5;18.22049332
Japan;2009;5.099999905;56.30897903;;27;18.45787621
Japan;2010;5.099999905;;;27.60000038;18.38733292
Japan;2011;4.599999905;;;28.60000038;18.9950428
Japan;2012;4.300000191;;;;
Japan;2013;4;;;;
Korea;1966;;;;;12.1213665
Korea;1967;;;;;12.42026329
Korea;1968;;;;;12.14429379
Korea;1969;;;;;12.53969574
Korea;1970;4.422579765;;;;12.63371563
Korea;1971;4.429710865;;;;12.67450905
Korea;1972;4.473078728;;;12.5;12.86621761
Korea;1973;3.924839735;;;12;13.19658089
Korea;1974;4.025209904;;;13.19999981;14.75663853
Korea;1975;4.109251976;;;14.89999962;15.79109669
Korea;1976;3.864921331;;;16.20000076;16.45194626
Korea;1977;3.784920454;;;16.20000076;16.70855713
Korea;1978;3.155462503;;;16.60000038;16.89535332
Korea;1979;3.818413258;;;17;16.7936573
Korea;1980;5.18328619;;;17.10000038;14.66791439
Korea;1981;4.494994164;;;16.79999924;14.63645744
Korea;1982;4.350429058;;;17;14.39005661
Korea;1983;4.054769039;;;17.39999962;14.08481216
Korea;1984;3.787424088;;;16.39999962;13.24232769
Korea;1985;3.989225149;;;16.10000038;12.39385509
Korea;1986;3.791263342;;;15.60000038;12.28376579
Korea;1987;3.075920105;;;16;13.79019737
Korea;1988;2.513869524;;;16;17.76749229
Korea;1989;2.568939686;;;16.79999924;18.60058784
Korea;1990;2.448891401;;;19.5;17.23181725
Korea;1991;2.412349701;;;19.10000038;15.415061
Korea;1992;2.512949467;;;19.10000038;14.56421471
Korea;1993;2.883110285;;;19.5;13.95992088
Korea;1994;2.476415157;;;19.79999924;13.2944231
Korea;1995;2.062943697;;;20;12.51879978
Korea;1996;2.043404818;;;20.60000038;12.11028767
Korea;1997;2.607657671;;;20.29999924;11.07276917
Korea;1998;6.953518867;;;20.29999924;11.40159416
Korea;1999;6.342026234;;;20.70000076;11.69285297
Korea;2000;4.137024879;;;22.60000038;11.42960358
Korea;2001;3.769460678;;;23;11.48490334
Korea;2002;3.09481144;;;23.20000076;10.84549713
Korea;2003;3.390252113;;;24;10.76181602
Korea;2004;3.479629993;;;23.29999924;10.31846809
Korea;2005;3.517606974;;;24;9.918618202
Korea;2006;3.272736311;;;25;10.02648735
Korea;2007;3.033613443;;;26.5;10.56975269
Korea;2008;2.984055042;;;26.5;10.27988911
Korea;2009;3.4054811;;;25.5;9.967363358
Korea;2010;3.3729918;;;25.10000038;9.681506157
Korea;2011;3.037162542;;;25.89999962;
Korea;2012;2.844129801;;;;
Korea;2013;3.167467594;;;;
Latvia;1986;;;;;
Latvia;1987;;;;;
Latvia;1988;;;;;
Latvia;1989;;;;;
Latvia;1990;0.5;;;;
Latvia;1991;0.600000024;33.9589119;;;
Latvia;1992;3.900000095;30.89027977;;;
Latvia;1993;8.699999809;32.17528915;;;
Latvia;1994;16.70000076;42.86182404;;;
Latvia;1995;18.89999962;42.60290146;;;28.25509834
Latvia;1996;20.60000038;65.12372589;;;
Latvia;1997;15.10000038;66.64522552;;;
Latvia;1998;14;66.76713562;;;
Latvia;1999;14.10000038;67.68688965;;;
Latvia;2000;14.30000019;68.12666321;;;
Latvia;2001;13.5;68.27606201;;;
Latvia;2002;12.5;68.41613007;;;
Latvia;2003;11.60000038;68.75279999;;;20.53247643
Latvia;2004;11.69999981;69.11140442;;;19.962183
Latvia;2005;10;55.66108322;;;18.76464462
Latvia;2006;7;54.93205643;;;17.60334969
Latvia;2007;6.099999905;53.64903641;;;16.29287529
Latvia;2008;7.699999809;47.44610596;;;14.80314922
Latvia;2009;17.5;46.92930222;;;
Latvia;2010;19.5;;;;
Latvia;2011;16.20000076;;;;
Latvia;2012;15;;;;
Latvia;2013;11.89999962;;;;
Lithuania;1986;;;;;
Lithuania;1987;;;;;
Lithuania;1988;;;;;
Lithuania;1989;;;;;
Lithuania;1990;0;;;;
Lithuania;1991;0.300000012;;;;
Lithuania;1992;1.399999976;;;;
Lithuania;1993;4.800000191;;;;
Lithuania;1994;4.199999809;;;;
Lithuania;1995;6.900000095;76.97993469;;;32.67986298
Lithuania;1996;7.699999809;41.27949905;;;30.12088203
Lithuania;1997;6.5;42.04417419;;;27.56189919
Lithuania;1998;13.19999981;40.30230331;;;25.00291824
Lithuania;1999;14.60000038;40.6543541;;;22.44393539
Lithuania;2000;16.39999962;42.11742401;;;19.88495445
Lithuania;2001;17.39999962;42.15959167;;;17.3259716
Lithuania;2002;13.89999962;41.64009857;;;15.73577785
Lithuania;2003;12.60000038;40.66924286;;;14.14558315
Lithuania;2004;11.60000038;44.4491806;;;12.91716194
Lithuania;2005;8.5;52.63077545;;;11.68873978
Lithuania;2006;5.800000191;52.04655075;;;10.46031857
Lithuania;2007;4.300000191;50.81533813;;;8.848345757
Lithuania;2008;5.800000191;51.64948654;;;8.470784187
Lithuania;2009;13.80000019;51.71203613;;;9.460945129
Lithuania;2010;17.79999924;;;;10
Lithuania;2011;15.39999962;;;;
Lithuania;2012;13.39999962;;;;
Lithuania;2013;11.80000019;;;;
Luxembourg;1960;0;;;;
Luxembourg;1961;0;;;;
Luxembourg;1962;0;;;;
Luxembourg;1963;0;;;;
Luxembourg;1964;0;;;;
Luxembourg;1965;0;;;27.70000076;
Luxembourg;1966;0;;;27.39999962;
Luxembourg;1967;0;;;28.10000038;
Luxembourg;1968;0;;;27.20000076;
Luxembourg;1969;0;;;27.29999924;
Luxembourg;1970;0;;;23.5;46.82752609
Luxembourg;1971;0;;;25.70000076;45.92274857
Luxembourg;1972;0;;;26.20000076;45.07857895
Luxembourg;1973;0;;;26.60000038;45.01607895
Luxembourg;1974;0;;;27.5;45.63031769
Luxembourg;1975;0;;;32.79999924;45.72293854
Luxembourg;1976;0;;;32.90000153;46.71697998
Luxembourg;1977;0;;;36.5;47.66917419
Luxembourg;1978;1.200000048;;;37.20000076;48.94419479
Luxembourg;1979;2.400000095;91.13526917;;34.79999924;49.40476227
Luxembourg;1980;2.400000095;89.94668198;;35.70000076;50.77035904
Luxembourg;1981;2.400000095;88.75809479;;36.59999847;52.17391205
Luxembourg;1982;2.400000095;87.44992447;;37.90000153;51.76189423
Luxembourg;1983;3.400000095;86.14175415;;39.90000153;51.34987259
Luxembourg;1984;3;85.14239502;;38.40000153;50.93785095
Luxembourg;1985;2.900000095;87.0331192;;39.5;50.52582932
Luxembourg;1986;2.599999905;85.64302063;;37.40000153;50.11381149
Luxembourg;1987;2.5;88.73799896;;37.59999847;49.70178986
Luxembourg;1988;2;88.73652649;;36.29999924;48.81962204
Luxembourg;1989;1.799999952;86.77405548;;35.40000153;47.93745041
Luxembourg;1990;1.700000048;86.1696167;;35.70000076;47.05528259
Luxembourg;1991;1.600000024;85.86843872;;33.40000153;46.17311478
Luxembourg;1992;2.099999905;85.78302765;;34.09999847;45.29094315
Luxembourg;1993;2.599999905;82.97533417;;36.5;44.40877533
Luxembourg;1994;3.200000048;85.24229431;;36.79999924;43.90284729
Luxembourg;1995;2.900000095;85.83878326;;37.09999847;43.39691544
Luxembourg;1996;2.900000095;86.46252441;;37.59999847;42.8909874
Luxembourg;1997;2.700000048;86.21408081;;39.29999924;42.38505936
Luxembourg;1998;2.700000048;90.15550232;;39.40000153;43.6671257
Luxembourg;1999;2.400000095;90.06258392;;38.29999924;43.49375916
Luxembourg;2000;2.200000048;90.27745819;;39.09999847;43.32039261
Luxembourg;2001;1.899999976;90.37354279;;39.79999924;43.14702606
Luxembourg;2002;2.599999905;90.12957001;;39.29999924;42.97365952
Luxembourg;2003;3.799999952;90.2637558;;38.09999847;42.80029297
Luxembourg;2004;5;90.2638092;;37.29999924;42.24541092
Luxembourg;2005;4.599999905;90.37004089;;37.59999847;41.38772583
Luxembourg;2006;4.599999905;90.61924744;;35.90000153;40.12036133
Luxembourg;2007;4.199999809;91.75230408;;35.59999847;38.72924805
Luxembourg;2008;4.900000095;90.58377075;;37.29999924;37.33251953
Luxembourg;2009;5.099999905;90.49163818;;39;
Luxembourg;2010;4.599999905;;;37.29999924;
Luxembourg;2011;4.800000191;;;37;
Luxembourg;2012;5.099999905;;;;
Luxembourg;2013;5.800000191;;;;
Macedonia FYR;1992;;;;;
Macedonia FYR;1993;;;;;
Macedonia FYR;1994;;;;;
Macedonia FYR;1995;;;;;
Macedonia FYR;1996;31.89999962;;;;
Macedonia FYR;1997;36;;;;
Macedonia FYR;1998;34.5;;;;
Macedonia FYR;1999;32.40000153;;;;
Macedonia FYR;2000;32.20000076;;;;
Macedonia FYR;2001;30.5;;;;
Macedonia FYR;2002;31.89999962;;;;
Macedonia FYR;2003;36.70000076;;;;
Macedonia FYR;2004;37.09999847;;;;
Macedonia FYR;2005;37.29999924;;;;
Macedonia FYR;2006;36;;;;
Macedonia FYR;2007;34.90000153;;;;
Macedonia FYR;2008;33.79999924;;;;
Macedonia FYR;2009;32.20000076;;;;
Macedonia FYR;2010;32;;;;
Macedonia FYR;2011;31.39999962;;;;
Macedonia FYR;2012;31;;;;
Macedonia FYR;2013;29;;;;
Malta;1986;;;;;65.383461
Malta;1987;;;;;63.38190842
Malta;1988;;;;;62.4758606
Malta;1989;;;;;65.23707581
Malta;1990;4.900000095;;;;66.29376221
Malta;1991;4.5;;;;66.8421402
Malta;1992;5;;;;66.92166138
Malta;1993;5.5;;;;60.15579224
Malta;1994;5.5;;;;63.15161514
Malta;1995;5;;;;61.99108505
Malta;1996;5.300000191;45.97640228;;;61.59313202
Malta;1997;6.099999905;46.33198166;;;62.76858139
Malta;1998;6.400000095;44.56578445;;;63.25943375
Malta;1999;6.900000095;48.2253418;;;64.10919952
Malta;2000;6.699999809;49.96257019;;;60.20978928
Malta;2001;7.599999905;49.50645447;;;59.55071259
Malta;2002;7.400000095;50.89576721;;;57.91582489
Malta;2003;7.699999809;51.54010773;;;57.57869339
Malta;2004;7.199999809;50.9235611;;;56.90776825
Malta;2005;6.900000095;49.09441757;;;55.73389816
Malta;2006;6.900000095;48.89642715;;;55.50438309
Malta;2007;6.5;48.31726456;;;54.6920166
Malta;2008;6;48.64024353;;;51.21872711
Malta;2009;6.900000095;48.54734039;;;50.95153427
Malta;2010;6.900000095;;;;50.52112579
Malta;2011;6.5;;;;48.58090973
Malta;2012;6.400000095;;;;
Malta;2013;6.5;;;;
Montenegro;2001;;;;;
Montenegro;2002;;;;;
Montenegro;2003;;;;;
Montenegro;2004;;;;;
Montenegro;2005;30.29999924;;;;
Montenegro;2006;29.60000038;;;;
Montenegro;2007;19.39999962;;;;
Montenegro;2008;16.79999924;;;;
Montenegro;2009;19.10000038;;;;
Montenegro;2010;19.70000076;;;;
Montenegro;2011;19.70000076;;;;
Montenegro;2012;19.55307198;;;;
Montenegro;2013;19.50547409;;;;
Netherlands;1960;0.800000012;;;;40.0181427
Netherlands;1961;0.600000024;;3.684213638;;39.52051163
Netherlands;1962;0.5;;3.611502409;;38.78226089
Netherlands;1963;0.600000024;;3.42155695;;38.8366127
Netherlands;1964;0.5;;4.416315079;;37.62713242
Netherlands;1965;0.600000024;;4.449944019;32.79999924;37.38869476
Netherlands;1966;0.800000012;;4.716084003;34.20000076;38.10486221
Netherlands;1967;1.700000048;;4.923594952;35.20000076;38.26977539
Netherlands;1968;1.5;;5.362205982;35.90000153;37.49118423
Netherlands;1969;1.100000024;;4.756871223;34.70000076;36.45088196
Netherlands;1970;0.899999976;;5.22587347;35.59999847;36.50497818
Netherlands;1971;1.100000024;94.30205536;5.064260483;37.09999847;36.23363495
Netherlands;1972;2;90.91174316;4.34133625;38.20000076;36.61604691
Netherlands;1973;2;92.27054596;4.212211609;39.29999924;37.14642715
Netherlands;1974;2.400000095;87.6727829;3.470672607;39.70000076;36.94135284
Netherlands;1975;4.900000095;91.70780945;3.052664757;40.70000076;37.75849152
Netherlands;1976;5.099999905;93.07523346;2.857991695;40.59999847;37.11614227
Netherlands;1977;4.800000191;91.90231323;3.109261751;41.5;37.17917633
Netherlands;1978;4.699999809;91.19661713;3.045071363;42.20000076;37.01078033
Netherlands;1979;4.699999809;88.70562744;2.656481266;42.59999847;36.58547974
Netherlands;1980;5.300000191;88.68806458;2.666491032;42.90000153;34.7822113
Netherlands;1981;7.699999809;92.87073517;1.922694445;42;33.02503967
Netherlands;1982;10.60000038;88.47568512;1.619615436;42.70000076;32.25387573
Netherlands;1983;8.300000191;87.88161469;1.609166741;43.90000153;30.66941833
Netherlands;1984;8.100000381;86.00089264;1.837423801;42.09999847;29.26356506
Netherlands;1985;7.300000191;88.11857605;2.021647215;42.40000153;28.01693344
Netherlands;1986;6.5;79.27185059;2.174740553;43.09999847;27.13191795
Netherlands;1987;6.300000191;79.98930359;2.03631568;45.5;24.67783165
Netherlands;1988;6.199999809;80.2057724;2.388640881;45.5;24.23495674
Netherlands;1989;5.699999809;80.70145416;2.326804399;42.90000153;24.31953812
Netherlands;1990;5.099999905;77.71259308;2.248044491;42.90000153;24.33730507
Netherlands;1991;4.800000191;80.54180145;2.098078012;45.09999847;24.1408844
Netherlands;1992;4.900000095;76.97537231;1.995198011;44.79999924;24.78598595
Netherlands;1993;5.5;77.3456955;1.723707438;45;25.34447098
Netherlands;1994;6.199999809;77.61762238;1.705670953;43;25.55784798
Netherlands;1995;7.099999905;78.39218903;1.901623249;41.5;25.2463665
Netherlands;1996;6.400000095;79.25862885;2.234749079;40.90000153;24.8576107
Netherlands;1997;5.5;76.81445313;2.557209253;40.90000153;24.42768669
Netherlands;1998;4.300000191;77.34654999;2.701523781;39;23.8261795
Netherlands;1999;3.5;77.19161224;2.965890884;40.09999847;23.46495056
Netherlands;2000;3.099999905;78.44493103;2.648093462;39.59999847;22.61146927
Netherlands;2001;2.5;77.93318939;2.377240896;38.09999847;21.79087448
Netherlands;2002;3.099999905;73.43791962;1.842681289;37.40000153;21.57382202
Netherlands;2003;4.199999809;74.63721466;1.627394915;36.90000153;21.34793091
Netherlands;2004;5.099999905;73.56167603;1.402691483;37.20000076;21.62617683
Netherlands;2005;5.300000191;74.31053162;1.537188292;38.40000153;21.38025284
Netherlands;2006;4.400000095;73.45953369;1.930790901;39.09999847;20.71151161
Netherlands;2007;3.599999905;74.28184509;2.157230377;38.70000076;20.18802834
Netherlands;2008;3.099999905;71.85054016;2.335162163;39.20000076;19.71439362
Netherlands;2009;3.700000048;71.62534332;1.290244937;38.20000076;19.54314232
Netherlands;2010;4.5;;0.737800241;38.90000153;19.32698631
Netherlands;2011;4.400000095;;1.089597344;38.59999847;18.98353958
Netherlands;2012;5.300000191;;0.785137355;;
Netherlands;2013;6.699999809;;0.214978188;;
New Zealand;1960;0;;;;
New Zealand;1961;0;;;;
New Zealand;1962;0.100036897;;;;
New Zealand;1963;0.097970702;;;;
New Zealand;1964;0.095177099;;;;
New Zealand;1965;0.091971897;;;23.60000038;
New Zealand;1966;0;;;24.29999924;
New Zealand;1967;0.086498901;;;26.29999924;
New Zealand;1968;0.69984448;;;22.89999962;
New Zealand;1969;0.257813513;;;23.89999962;
New Zealand;1970;0.083609998;;;25.60000038;56.51830292
New Zealand;1971;0.164789006;52.79458618;;24.5;56.32979965
New Zealand;1972;0.406507999;57.67728615;;26.10000038;56.25649643
New Zealand;1973;0.157585502;62.55998611;;26.79999924;58.97354126
New Zealand;1974;0.075486399;62.60424232;;30;59.3301239
New Zealand;1975;0.222215205;62.64849854;;28.10000038;60.91051102
New Zealand;1976;0.291047901;62.19652939;;28.79999924;61.02454376
New Zealand;1977;0.286650687;61.74456024;;31.79999924;62.77616501
New Zealand;1978;1.496206164;58.80661392;;29.70000076;65.7334137
New Zealand;1979;1.754012585;55.8686676;;30.29999924;68.97560883
New Zealand;1980;2.025815248;58.82448196;;30.20000076;69.11907196
New Zealand;1981;3.257408142;61.78029633;;31.60000038;65.67573547
New Zealand;1982;3.198377371;64.30355072;;32.59999847;65.13513184
New Zealand;1983;5.132563114;71.91641998;;29.89999962;64.4642868
New Zealand;1984;5.075513363;67.98425293;;29.60000038;59.4736824
New Zealand;1985;3.784305334;68.51813507;;30.60000038;55.98360825
New Zealand;1986;4.094540596;74.36113739;;31.39999962;51.21386337
New Zealand;1987;4.171645641;75.75295258;;34.79999924;50.2544632
New Zealand;1988;5.713259697;74.36658478;;33.79999924;51.7065506
New Zealand;1989;7.299270153;71.75757599;;37.20000076;52.94045639
New Zealand;1990;8.651551247;72.22460938;;36.5;49.66202164
New Zealand;1991;10.88113499;65.48016357;;34.70000076;42.89437485
New Zealand;1992;10.44247818;64.99286652;;35.09999847;35.96321106
New Zealand;1993;9.570765495;65.02770996;;35.20000076;33.66345596
New Zealand;1994;7.692307472;65.5749588;;35.79999924;29.60938835
New Zealand;1995;6.32911396;64.70909882;;35.90000153;27.19729614
New Zealand;1996;6.38069725;61.42743683;;34.09999847;24.65035248
New Zealand;1997;7.010090351;59.70742798;;34.29999924;23.38630486
New Zealand;1998;7.737148762;58.41665268;;32.59999847;22.11153603
New Zealand;1999;6.778770447;58.18933868;;32.70000076;21.66845894
New Zealand;2000;5.876235008;57.4665947;;32.90000153;22.34946632
New Zealand;2001;5.431472301;57.395298;;32.29999924;22.25798607
New Zealand;2002;5.198019981;57.19374466;;33.59999847;22.21869469
New Zealand;2003;4.598257542;61.08282852;;33.40000153;21.14603996
New Zealand;2004;3.905882359;57.85615921;;34.5;20.78382111
New Zealand;2005;3.847915649;53.85618973;;36.40000153;20.85120964
New Zealand;2006;3.811659098;47.44869614;;35.70000076;21.20374489
New Zealand;2007;3.679078102;48.32775497;;34.5;21.30483818
New Zealand;2008;4.488017559;48.30270386;;33.59999847;20.61185074
New Zealand;2009;6.401383877;47.15197754;;31.10000038;21.43775177
New Zealand;2010;6.526631832;;;31.10000038;20.7765007
New Zealand;2011;6.51829958;;;31.5;20.81575966
New Zealand;2012;6.908861637;;;;
New Zealand;2013;6.312216282;;;;
Norway;1960;1.200000048;;;;60.0203476
Norway;1961;0.899999976;;;;60.81502914
Norway;1962;1;;;;59.83706665
Norway;1963;1.299999952;;;;60.05641174
Norway;1964;1.100000024;;;;59.25471878
Norway;1965;0.899999976;;;29.60000038;59.02378082
Norway;1966;0.800000012;;;30.79999924;58.13976669
Norway;1967;0.699999988;;;32.59999847;57.64122772
Norway;1968;1.100000024;;;33.5;57.24652863
Norway;1969;1.100000024;;;34.79999924;57.22006989
Norway;1970;0.800000012;;;34.5;56.79135513
Norway;1971;0.800000012;68.16526031;;37;56.95667648
Norway;1972;1.700000048;66.89661407;;38.90000153;51.92023468
Norway;1973;1.600000024;65.06936646;;39.29999924;53.21141052
Norway;1974;1.5;61.45399094;;39;54.11214828
Norway;1975;2.299999952;67.07884979;;39.20000076;53.80027771
Norway;1976;1.799999952;64.03172302;;40.59999847;52.79207993
Norway;1977;1.5;67.82100677;;41.40000153;53.59023666
Norway;1978;1.899999976;66.0188446;;40.90000153;54.01892853
Norway;1979;2;66.88730621;;40.79999924;55.50030899
Norway;1980;1.700000048;75.2587738;;42.40000153;58.33852005
Norway;1981;2.099999905;73.44171143;;43.90000153;57.85018158
Norway;1982;2.700000048;74.10295868;;43.09999847;58.13826752
Norway;1983;3.5;73.12212372;;41.90000153;58.08805847
Norway;1984;3.200000048;72.39040375;;41.20000076;58.34027481
Norway;1985;2.599999905;72.35383606;;42.59999847;57.49139023
Norway;1986;2;74.55160522;;44.5;57.07752228
Norway;1987;2.099999905;73.1605072;;42.70000076;55.69572449
Norway;1988;3.299999952;72.61470795;;42.20000076;56.1244545
Norway;1989;4.900000095;73.25833893;;40.5;57.95160294
Norway;1990;5.199999809;73.19892883;;41;58.53340912
Norway;1991;5.5;73.09056854;;41.09999847;58.09659195
Norway;1992;5.900000095;73.3890686;;40.29999924;58.06927872
Norway;1993;6;73.24846649;;39.40000153;57.98867035
Norway;1994;5.400000095;73.18756866;;40.79999924;57.79811478
Norway;1995;4.900000095;73.55764771;;40.90000153;57.33117294
Norway;1996;4.699999809;73.39437866;;40.90000153;56.28645706
Norway;1997;3.900000095;73.25138855;;41.5;55.51810837
Norway;1998;3.099999905;72.28643036;;42.40000153;55.46706009
Norway;1999;3;74.05207062;;42.70000076;54.84450912
Norway;2000;3.200000048;72.49666595;;42.59999847;54.38824844
Norway;2001;3.400000095;73.15644836;;42.90000153;53.89181519
Norway;2002;3.700000048;73.01920319;;43.09999847;54.4788208
Norway;2003;4.199999809;72.9659729;;42.29999924;55.11538315
Norway;2004;4.300000191;72.73686218;;43.09999847;54.98084259
Norway;2005;4.5;72.70625305;;43.20000076;54.86820984
Norway;2006;3.400000095;72.48000336;;43.5;54.85074615
Norway;2007;2.5;72.19558716;;42.90000153;53.69582367
Norway;2008;2.5;71.99563599;;42.09999847;53.33400345
Norway;2009;3.200000048;72.17472839;;42;54.33555222
Norway;2010;3.599999905;;;42.59999847;54.81304169
Norway;2011;3.299999952;;;42.5;54.55550766
Norway;2012;3.200000048;;;;
Norway;2013;3.5;;;;
Poland;1988;;;;;36.67200851
Poland;1989;;;;;35.34401321
Poland;1990;;;;;36.5
Poland;1991;;;;34;33.5
Poland;1992;13.30000019;51.57819366;;34.90000153;29.70000076
Poland;1993;14;46.429142;;38.79999924;19
Poland;1994;14.39999962;42.7926178;;36.90000153;27
Poland;1995;13.19999981;44.10680008;;36.20000076;20.20000076
Poland;1996;12.10000038;42.59163284;;37.40000153;20.39999962
Poland;1997;10.89999962;37.61553955;;36.59999847;20.45000076
Poland;1998;10.19999981;36.74632263;;35.59999847;20.45000076
Poland;1999;13.39999962;35.67996216;;35.09999847;20.5
Poland;2000;16.10000038;35.16016388;;32.79999924;17.20000076
Poland;2001;18.29999924;35.69905853;;32.59999847;15.5
Poland;2002;20;38.56906509;;33.09999847;14.10000038
Poland;2003;19.79999924;35.93009186;;32.59999847;18.79999924
Poland;2004;19.10000038;35.16665649;;31.70000076;19
Poland;2005;17.89999962;35.86758041;;33;21.5
Poland;2006;13.89999962;35.10059357;;34;16.20000076
Poland;2007;9.600000381;29.32096481;;34.79999924;15.60000038
Poland;2008;7.099999905;26.99200439;;34.20000076;15.10000038
Poland;2009;8.100000381;26.93354797;;31.70000076;14.60000038
Poland;2010;9.699999809;;;31.70000076;14.10000038
Poland;2011;9.699999809;;;32.29999924;
Poland;2012;10.10000038;;;;
Poland;2013;10.30000019;;;;
Portugal;1960;1.700000048;;;;
Portugal;1961;2.099999905;;1.603901386;;
Portugal;1962;2.299999952;;1.577984929;;
Portugal;1963;2.400000095;;0.627727509;;
Portugal;1964;2.5;;0.987195134;;
Portugal;1965;2.5;;1.421828508;15.89999962;
Portugal;1966;2.5;;2.499628544;16.29999924;
Portugal;1967;2.5;;2.352214336;17;
Portugal;1968;2.599999905;;1.946605325;17;
Portugal;1969;2.599999905;;2.436230421;17.70000076;
Portugal;1970;2.599999905;;2.53529954;17.79999924;
Portugal;1971;2.5;;4.07424736;17.60000038;
Portugal;1972;2.5;;5.336279392;17.39999962;
Portugal;1973;2.599999905;;6.183080196;17;
Portugal;1974;1.700000048;;7.238764286;17.39999962;
Portugal;1975;4.400000095;;4.360416412;19.10000038;
Portugal;1976;6.199999809;;3.890426874;20.79999924;
Portugal;1977;7.300000191;;5.254817009;21.20000076;
Portugal;1978;7.900000095;;3.911658764;20.39999962;60.76011276
Portugal;1979;7.900000095;62.00363541;5.226379871;20.10000038;60.09615326
Portugal;1980;7.599999905;62.40779114;4.387942791;22.20000076;54.82538605
Portugal;1981;7.300000191;62.81194687;5.704881668;23.5;53.54449463
Portugal;1982;7.199999809;59.4730072;5.159945965;24.10000038;50.49396133
Portugal;1983;8.199999809;56.13406754;4.677780628;25.39999962;47.21635056
Portugal;1984;8.899999619;52.76805115;3.408180475;24.89999962;47.2383728
Portugal;1985;9.100000381;78.47753143;2.902096987;24.5;44.61034393
Portugal;1986;8.800000191;76.89711761;2.687177181;25.79999924;41.20386887
Portugal;1987;7.199999809;77.82971191;3.88065505;24.29999924;38.62190628
Portugal;1988;5.800000191;79.50167084;4.668034077;26;35.03723907
Portugal;1989;5.199999809;76.00860596;4.621565819;26.60000038;31.98168755
Portugal;1990;4.800000191;75.76745605;4.701798916;26.79999924;27.97202873
Portugal;1991;4.199999809;75.50592804;4.717003345;27.89999962;28.24716187
Portugal;1992;4.099999905;75.77383423;5.000580311;29.89999962;26.09918976
Portugal;1993;5.5;75.92034149;3.67542696;28.39999962;26.06343651
Portugal;1994;6.800000191;77.49520874;3.306276321;29.20000076;25.86802292
Portugal;1995;7.199999809;77.18292236;2.770039797;29.29999924;25.3614006
Portugal;1996;7.199999809;77.3404007;3.015406847;29.89999962;25.50527573
Portugal;1997;6.699999809;79.44458008;4.001934528;29.89999962;25.22243118
Portugal;1998;5.599999905;79.31612396;4.727705002;30;23.36339188
Portugal;1999;5;78.89675903;4.819969654;30.79999924;22.46743584
Portugal;2000;4.5;79.70328522;4.68791008;30.89999962;21.64717674
Portugal;2001;4.599999905;77.14554596;4.246623993;30.70000076;22.41810799
Portugal;2002;5.699999809;76.62602997;3.5187397;31.20000076;20.65460014
Portugal;2003;7.099999905;76.21265411;2.576556921;31.5;21.1615963
Portugal;2004;7.5;76.07195282;2.401515961;30.29999924;21.42159271
Portugal;2005;8.600000381;75.27337646;2.170372486;31.10000038;21.24534416
Portugal;2006;8.600000381;75.484375;1.942863703;31.79999924;20.83395767
Portugal;2007;8.899999619;75.10965729;2.013725519;32.5;20.80057907
Portugal;2008;8.5;74.94973755;1.837496996;32.5;20.49303246
Portugal;2009;10.60000038;74.72045898;1.00449276;30.70000076;20.14948845
Portugal;2010;12;;0.691683471;31.20000076;19.34075165
Portugal;2011;12.89999962;;-0.060756803;33;
Portugal;2012;15.89999962;;-0.968500257;;
Portugal;2013;16.5;;-1.37754333;;
Romania;1988;;;;;
Romania;1989;;;;;
Romania;1990;;73.41111755;;;
Romania;1991;;74.21359253;;;80.1763916
Romania;1992;5.199999809;76.1706543;;;74.41704559
Romania;1993;6.900000095;74.44727325;;;68.65769958
Romania;1994;7.300000191;73.98352051;;;63.94747925
Romania;1995;6;73.27955627;;;59.23726273
Romania;1996;3.599999905;73.12032318;;;54.52704239
Romania;1997;5.300000191;76.25449371;;;49.81682587
Romania;1998;5.400000095;76.53201294;;;45.10660553
Romania;1999;6.199999809;76.2926712;;;42.85069275
Romania;2000;6.800000191;73.05718994;;;40.59477997
Romania;2001;6.599999905;75.78556824;;;38.33886719
Romania;2002;7.5;75.18427277;;;36.08295441
Romania;2003;6.800000191;76.6175766;;;38.34244537
Romania;2004;8;76.21270752;;;37.04158783
Romania;2005;7.199999809;62.66584396;;;35.74072647
Romania;2006;7.300000191;58.17598724;;;34.43986893
Romania;2007;6.400000095;60.47719193;;;33.63694763
Romania;2008;5.800000191;63.90696335;;;32.83402634
Romania;2009;6.900000095;67.9846344;;;
Romania;2010;7.300000191;;;;
Romania;2011;7.400000095;;;;
Romania;2012;7;;;;
Romania;2013;7.300000191;;;;
Serbia;1996;;;;;
Serbia;1997;;;;;
Serbia;1998;;;;;
Serbia;1999;;;;;
Serbia;2000;12.09267902;;;;
Serbia;2001;12.22847271;;;;
Serbia;2002;13.28390694;;;;
Serbia;2003;14.6340332;;;;
Serbia;2004;18.50344276;;;;
Serbia;2005;20.84621811;;;;
Serbia;2006;20.85088539;;;;
Serbia;2007;18.06338882;;;;
Serbia;2008;13.63230991;;;;
Serbia;2009;16.12421989;;;;
Serbia;2010;19.181427;;;;
Serbia;2011;22.95014381;;;;
Serbia;2012;23.89957047;;;;
Serbia;2013;22.05628586;;;;
Slovakia;1991;;;;;
Slovakia;1992;;;;;
Slovakia;1993;;;;;67.2857132
Slovakia;1994;;;;;64.18167114
Slovakia;1995;13.30000019;;;;56.06219101
Slovakia;1996;11.60000038;;;;47.82712936
Slovakia;1997;12.10000038;;;;41.96921158
Slovakia;1998;12.69999981;;;;36.06685638
Slovakia;1999;16.5;;;;34.16030502
Slovakia;2000;18.89999962;;;;32.26307678
Slovakia;2001;19.5;;;;30.45631409
Slovakia;2002;18.79999924;;;;27.37163162
Slovakia;2003;17.70000076;;;;26.1366806
Slovakia;2004;18.39999962;;;;23.61295509
Slovakia;2005;16.39999962;;;;22.76651192
Slovakia;2006;13.5;;;;20.55827332
Slovakia;2007;11.19999981;;;;18.7640934
Slovakia;2008;9.600000381;;;;17.17333603
Slovakia;2009;12.10000038;;;;17.04516983
Slovakia;2010;14.5;;;;16.94828224
Slovakia;2011;13.69999981;;;;16.68773651
Slovakia;2012;14;;;;
Slovakia;2013;14.19999981;;;;
Slovenia;1991;;64.70827484;;;66.48648834
Slovenia;1992;;63.82410049;;;60
Slovenia;1993;;63.74113083;;;58.03030396
Slovenia;1994;;63.69005966;;;60.23738861
Slovenia;1995;6.900000095;63.7978363;;39;50.47748947
Slovenia;1996;6.900000095;65.44727325;;37.79999924;48.7569046
Slovenia;1997;6.900000095;65.47076416;;36.70000076;44.071064
Slovenia;1998;7.400000095;65.54621887;;37.59999847;42.69293976
Slovenia;1999;7.300000191;65.50157166;;37.90000153;40.43610382
Slovenia;2000;6.699999809;67.81246948;;37.29999924;41.59445572
Slovenia;2001;6.199999809;67.75402832;;37.5;40.77054977
Slovenia;2002;6.300000191;67.27138519;;37.79999924;44.6601944
Slovenia;2003;6.699999809;67.23667145;;38;43.72080994
Slovenia;2004;6.300000191;65.18123627;;38.09999847;40.42030716
Slovenia;2005;6.5;65.00962067;;38.59999847;37.11980057
Slovenia;2006;6;65.44768524;;38.29999924;31.40906334
Slovenia;2007;4.900000095;65.55804443;;37.70000076;29.00240326
Slovenia;2008;4.400000095;65.85172272;;37.09999847;26.59574509
Slovenia;2009;5.900000095;65.81291199;;37;26.28056908
Slovenia;2010;7.300000191;;;38.09999847;26.27197647
Slovenia;2011;8.199999809;;;37.09999847;24.39885712
Slovenia;2012;8.899999619;;;;
Slovenia;2013;10.10000038;;;;
Spain;1960;2.200000048;;;;
Spain;1961;2.099999905;;2.522260427;;
Spain;1962;1.5;;3.047587395;;
Spain;1963;2;;3.603126049;;
Spain;1964;2.799999952;;4.188574314;;
Spain;1965;2.599999905;;5.102323532;14.69999981;
Spain;1966;2.200000048;;5.724359035;13.60000038;
Spain;1967;3;;5.967441559;16.89999962;
Spain;1968;3;;6.014175415;16.10000038;
Spain;1969;2.5;;6.345909119;16.39999962;
Spain;1970;2.599999905;;6.006800175;15.89999962;
Spain;1971;3.400000095;;5.153912544;16.20000076;
Spain;1972;2.900000095;;6.048122406;17.10000038;
Spain;1973;2.599999905;;6.793806553;17.70000076;
Spain;1974;3.099999905;;6.834537506;17.10000038;
Spain;1975;4.5;;5.745890141;18.39999962;
Spain;1976;4.900000095;;5.168378353;18.39999962;
Spain;1977;5.300000191;;4.724234581;20.20000076;18.31890488
Spain;1978;7.099999905;;4.214649677;21.5;45.09112167
Spain;1979;8.800000191;85.88778687;3.523243189;22;43.41043472
Spain;1980;11.5;86.06594849;3.391644716;22.60000038;18.66692543
Spain;1981;14.19999981;86.24411011;2.965332031;23.79999924;8.342173576
Spain;1982;16;86.85829926;2.810406208;24.10000038;9.773424149
Spain;1983;14.30000019;87.4724884;2.482938528;26;10.25003147
Spain;1984;16.70000076;88.33589172;1.891072273;26.39999962;9.868646622
Spain;1985;17.79999924;87.42672729;2.096060276;27.60000038;10.22736359
Spain;1986;17.39999962;88.96583557;2.656682253;29;9.842273712
Spain;1987;18.5;89.36154175;3.288388729;30.79999924;10.40439224
Spain;1988;17.5;84.44519806;3.998629332;30.89999962;10.98239803
Spain;1989;15.5;84.59001923;4.638267517;32.70000076;11.52699852
Spain;1990;14.39999962;85.1415863;4.797733784;32.5;12.54230118
Spain;1991;14.5;85.88116455;4.57387352;32.79999924;14.72485924
Spain;1992;16.29999924;73.06367493;3.897801399;33.79999924;16.49059868
Spain;1993;20.10000038;73.63065338;2.933290005;32.79999924;17.97236061
Spain;1994;21.29999924;69.44502258;2.870827436;32.90000153;17.63744736
Spain;1995;20;69.3752594;3.201974869;32.09999847;16.33213234
Spain;1996;19.10000038;69.54039764;3.136267185;31.89999962;16.05124283
Spain;1997;17.79999924;69.23786163;3.232175827;32.90000153;15.61938763
Spain;1998;15.89999962;69.50453949;3.797070742;33.20000076;16.31429863
Spain;1999;13.19999981;69.17041779;4.21380043;34.09999847;16.03849983
Spain;2000;11.69999981;69.29829407;4.370019436;34.29999924;16.73588371
Spain;2001;10.5;69.26802063;4.379003525;33.90000153;15.94144726
Spain;2002;11.39999962;69.18569946;4.28429842;34.40000153;15.97022724
Spain;2003;11.39999962;68.74915314;4.39377594;34;15.79159927
Spain;2004;10.89999962;68.99855042;4.432883263;34.90000153;15.26845455
Spain;2005;9.199999809;69.18363953;4.637307644;36;14.69542503
Spain;2006;8.5;69.28134918;4.84262085;36.90000153;14.34261417
Spain;2007;8.300000191;70.32738495;4.802844048;37.29999924;14.66077042
Spain;2008;11.30000019;68.74397278;3.988489628;33.09999847;14.62334347
Spain;2009;18;68.70021057;2.235701561;30.89999962;15.8159914
Spain;2010;20.10000038;;1.719177842;32.5;15.55888271
Spain;2011;21.70000076;;1.263727903;32.20000076;
Spain;2012;25;;0.746844172;;
Spain;2013;26.39999962;;0.369395912;;
Sweden;1960;1.700000048;;;;72.08101654
Sweden;1961;1.5;;3.821331739;;72.39675903
Sweden;1962;1.5;;3.932737827;;72.93286896
Sweden;1963;1.700000048;;4.125062943;;66.06679535
Sweden;1964;1.600000024;;4.354829788;;66.7252655
Sweden;1965;1.200000048;;4.318667412;33.29999924;66.28616333
Sweden;1966;1.600000024;;4.30602932;34;65.94850159
Sweden;1967;2.099999905;;4.37459898;34.90000153;67.48586273
Sweden;1968;2.200000048;;4.155490398;36.90000153;67.92140961
Sweden;1969;1.899999976;;4.241093636;37.90000153;68.52190399
Sweden;1970;1.5;;4.131093025;37.79999924;67.74810028
Sweden;1971;2.5;81.85327911;3.827481985;38.59999847;70.06136322
Sweden;1972;2.700000048;85.23908234;3.855142355;39.90000153;71.41834259
Sweden;1973;2.5;77.87610626;3.746073961;39.09999847;72.50763702
Sweden;1974;2;95.41641235;3.3084023;40.29999924;73.54077911
Sweden;1975;1.600000024;83.13523865;3.271979809;41.29999924;74.4633255
Sweden;1976;1.600000024;80.45550537;3.212261677;45.29999924;73.87155151
Sweden;1977;1.799999952;86.22908783;2.853221655;47.5;76.03722382
Sweden;1978;2.200000048;81.72677612;2.313606024;47.79999924;77.02893829
Sweden;1979;2.099999905;82.90351105;2.408460855;46.59999847;77.31327057
Sweden;1980;2;84.56562042;2.456584692;46.40000153;77.95628357
Sweden;1981;2.5;84.36631012;2.085191965;47.70000076;78.35449219
Sweden;1982;3.200000048;78.50588989;1.963858128;46.70000076;78.96112061
Sweden;1983;3.700000048;89.17129517;1.997064948;47.40000153;79.63978577
Sweden;1984;3.299999952;83.92199707;2.254124641;47;80.77387238
Sweden;1985;2.900000095;83.57455444;2.501123905;47.40000153;81.28917694
Sweden;1986;2.700000048;88.44061279;2.373311758;49.59999847;82.49514771
Sweden;1987;2.200000048;86.13088226;2.588474035;52.09999847;84.55905151
Sweden;1988;1.799999952;87.58737183;2.768995762;51.40000153;83.61562347
Sweden;1989;1.600000024;87.97149658;3.23071003;51.90000153;82.6921463
Sweden;1990;1.700000048;80.6889267;3.067286015;52.29999924;80.92363739
Sweden;1991;3.099999905;89.16603088;2.416432858;49.79999924;81.89904022
Sweden;1992;5.599999905;88.03679657;1.686955452;47.29999924;83.9324646
Sweden;1993;9.100000381;91.07980347;0.729989409;46.09999847;87.12901306
Sweden;1994;9.399999619;83.29093933;1.021475673;46.29999924;87.44178772
Sweden;1995;8.800000191;82.23894501;1.345749021;47.5;86.59686279
Sweden;1996;9.600000381;77.9274826;1.388148189;49.40000153;85.03775024
Sweden;1997;9.899999619;74.75144196;1.252538443;50.5;81.96579742
Sweden;1998;8.199999809;74.81919861;1.464280844;50.70000076;82.35237885
Sweden;1999;6.699999809;73.82416534;1.643503308;51.09999847;81.5895462
Sweden;2000;5.599999905;71.55316162;1.67327559;51.40000153;80.14657593
Sweden;2001;5.800000191;75.12276459;1.498292446;49.40000153;77.28364563
Sweden;2002;6;80.5921402;1.31619215;47.5;76.94896698
Sweden;2003;6.599999905;78.93553162;1.326684475;47.79999924;76.42900085
Sweden;2004;7.400000095;77.22696686;1.542464256;48.09999847;76.94213867
Sweden;2005;7.699999809;75.47904968;1.855101585;48.90000153;75.55705261
Sweden;2006;7.099999905;74.20279694;2.214260101;48.29999924;73.16672516
Sweden;2007;6.099999905;69.79633331;2.557995558;47.40000153;71.04410553
Sweden;2008;6.199999809;66.42167664;2.394841194;46.40000153;68.77487183
Sweden;2009;8.300000191;64.19607544;1.22931385;46.59999847;69.68120575
Sweden;2010;8.600000381;;1.544254661;45.40000153;68.91994476
Sweden;2011;7.800000191;;1.884992003;44.20000076;68.20230865
Sweden;2012;8;;1.925885916;;
Sweden;2013;8;;1.643315196;;
Switzerland;1960;0.0331266;;;;36.09852219
Switzerland;1961;0.031648301;;;;35.17370987
Switzerland;1962;0.0304808;;;;34.40937805
Switzerland;1963;0.0300136;;;;33.6439209
Switzerland;1964;0;;;;33.15496445
Switzerland;1965;0;;;17.5;32.84086227
Switzerland;1966;0;;;18.10000038;32.36204147
Switzerland;1967;0;;;18.10000038;31.29254532
Switzerland;1968;0;;;18.89999962;30.58940697
Switzerland;1969;0;;;19.89999962;30.12568665
Switzerland;1970;0;;;19.20000076;28.92432404
Switzerland;1971;0;;;18.89999962;29.17112923
Switzerland;1972;0;;;19.29999924;28.87005615
Switzerland;1973;0;37.14501953;;21.29999924;28.65461159
Switzerland;1974;0;59.18745041;;22.10000038;28.9564209
Switzerland;1975;0.288032115;81.22988129;;23.79999924;32.33842468
Switzerland;1976;0.618331909;80.05023193;;25.10000038;33.81220245
Switzerland;1977;0.353807509;81.10655212;;25.29999924;33.05290222
Switzerland;1978;0.292332411;80.46342468;;25.29999924;32.52377319
Switzerland;1979;0.289234489;82.06964874;;24.79999924;31.8915062
Switzerland;1980;0.170078099;82.53514862;;24.60000038;27.65455818
Switzerland;1981;0.166207299;80.76802826;;24.70000076;27.04448318
Switzerland;1982;0.356898993;81.68434143;;25;26.7223568
Switzerland;1983;0.761852682;80.28038025;;25.60000038;26.59093285
Switzerland;1984;0.939738095;77.63879395;;29;26.22410393
Switzerland;1985;0.792148471;82.96395874;;25.20000076;24.9427681
Switzerland;1986;0.673033178;81.60651398;;26.20000076;24.02001762
Switzerland;1987;0.632051885;82.77919006;;25.89999962;23.70115471
Switzerland;1988;0.543050885;82.56536102;;26.20000076;23.28161812
Switzerland;1989;0.409803391;81.88025665;;25.5;22.89705086
Switzerland;1990;0.420527011;82.21971893;;24.89999962;22.66286278
Switzerland;1991;1.621901035;82.28891754;;24.79999924;22.51041794
Switzerland;1992;2.602039337;82.89322662;;25.29999924;22.84187889
Switzerland;1993;3.468524456;83.07670593;;25.79999924;22.96789169
Switzerland;1994;3.616398096;81.79678345;;26.29999924;23.11292076
Switzerland;1995;3.126049995;84.99394989;;26.89999962;22.66778564
Switzerland;1996;3.493744135;81.65065002;;27.39999962;22.2185154
Switzerland;1997;3.903273106;82.44634247;;26.79999924;21.80264091
Switzerland;1998;3.388584852;83.26172638;;27.79999924;21.47407913
Switzerland;1999;2.897309065;81.83213806;;28;20.90797997
Switzerland;2000;2.508276463;82.38929749;;29.29999924;20.18314362
Switzerland;2001;2.347431421;81.84377289;;28.5;19.7270298
Switzerland;2002;2.756412983;83.18603516;;28.89999962;19.89312172
Switzerland;2003;3.894888639;82.97586823;;28.20000076;19.91779137
Switzerland;2004;4.068989277;82.93349457;;27.79999924;19.45800781
Switzerland;2005;4.169813633;82.90586853;;28.10000038;19.31441116
Switzerland;2006;3.749159813;82.68371582;;27.89999962;18.85941315
Switzerland;2007;3.388870239;82.68188477;;27.70000076;18.45331573
Switzerland;2008;3.122574329;82.82692719;;28.10000038;17.5445385
Switzerland;2009;3.849218607;82.87031555;;28.70000076;17.33850479
Switzerland;2010;4.237347126;;;28.10000038;17.15179253
Switzerland;2011;3.751137972;;;28.60000038;
Switzerland;2012;3.879845381;;;;
Switzerland;2013;4.058852673;;;;
Turkey;1960;9.5;;;;10.78691578
Turkey;1961;9.300000191;;;;10.64237499
Turkey;1962;10.39999962;;;;10.35168648
Turkey;1963;10;;;;10.07327366
Turkey;1964;9.699999809;;;;10.9042511
Turkey;1965;9.800000191;;;10.60000038;11.15623379
Turkey;1966;9.600000381;;;10.69999981;10.45515347
Turkey;1967;10.30000019;;;11.39999962;25.5
Turkey;1968;10.80000019;;;11.30000019;24.65354729
Turkey;1969;11.5;;;12.19999981;24.77934837
Turkey;1970;6.300000191;;;9.300000191;25.91920853
Turkey;1971;6.599999905;;;10.69999981;26.54674149
Turkey;1972;6.199999809;;;10.80000019;29.88532639
Turkey;1973;6.599999905;;;11.30000019;33.22391129
Turkey;1974;7.199999809;;;10.5;36.56249619
Turkey;1975;7.400000095;;;11.89999962;39.90108109
Turkey;1976;8.800000191;;;12.10000038;39.41851807
Turkey;1977;9.800000191;;;12.69999981;38.93595886
Turkey;1978;9.899999619;;;12.39999962;38.45339584
Turkey;1979;8.699999809;;;11.69999981;
Turkey;1980;8.100000381;;;13.30000019;
Turkey;1981;7.099999905;;;14.10000038;
Turkey;1982;7;;;13.69999981;
Turkey;1983;7.699999809;;;12.80000019;
Turkey;1984;7.599999905;;;10.69999981;
Turkey;1985;7.099999905;;;11.5;
Turkey;1986;7.900000095;;;13;21.92250443
Turkey;1987;8.300000191;;;14;23.71634674
Turkey;1988;8.300000191;;;13.19999981;22.19470024
Turkey;1989;8.399999619;;;13.89999962;21.46143913
Turkey;1990;7.699999809;;;14.89999962;19.18758202
Turkey;1991;7.800000191;;;15.60000038;19.70640373
Turkey;1992;8;;;16.70000076;20.14137077
Turkey;1993;8.300000191;;;16.89999962;19.59806633
Turkey;1994;7.900000095;;;16.5;17.18361855
Turkey;1995;6.800000191;;;16.79999924;13.38855267
Turkey;1996;5.699999809;;;18.89999962;12.53484631
Turkey;1997;5.800000191;;;20.70000076;13.93855476
Turkey;1998;5.800000191;;;21.10000038;12.44883156
Turkey;1999;6.5;;;23.10000038;10.62175846
Turkey;2000;5.199999809;;;24.20000076;9.939674377
Turkey;2001;8.399999619;;;26.10000038;9.950404167
Turkey;2002;10.30000019;;;24.60000038;9.480517387
Turkey;2003;10.5;;;25.89999962;8.941146851
Turkey;2004;10.80000019;;;24.10000038;8.598732948
Turkey;2005;9.199999809;;;24.29999924;8.165579796
Turkey;2006;8.699999809;;;24.5;7.502037048
Turkey;2007;8.800000191;;;24.10000038;6.632635117
Turkey;2008;9.699999809;;;24.20000076;5.797464848
Turkey;2009;12.5;;;24.60000038;5.860599041
Turkey;2010;10.69999981;;;26.20000076;5.853251934
Turkey;2011;8.800000191;;;27.79999924;
Turkey;2012;8.100000381;;;;
Turkey;2013;8.699999809;;;;
United Kingdom;1960;1.399999976;;;;40.42887115
United Kingdom;1961;1.200000048;;2.364814758;;40.14936066
United Kingdom;1962;1.700000048;;2.279430866;;40.15057755
United Kingdom;1963;2;;2.239897251;;40.25905228
United Kingdom;1964;1.399999976;;2.780642033;;40.3129921
United Kingdom;1965;1.200000048;;2.847504139;30.39999962;40.26213074
United Kingdom;1966;1.100000024;;2.809185028;31.20000076;39.70713425
United Kingdom;1967;2;;3.069979429;33.09999847;40.21352005
United Kingdom;1968;2.099999905;;3.172719479;34.29999924;40.50198746
United Kingdom;1969;2;;2.935501337;36;41.65657425
United Kingdom;1970;2.200000048;;2.872563601;36.70000076;44.75777435
United Kingdom;1971;2.700000048;71.5074234;2.747939348;34.79999924;45.23781586
United Kingdom;1972;3.099999905;70.71907806;2.51167202;33.09999847;46.14446259
United Kingdom;1973;2.200000048;70.06822205;2.683875084;31.20000076;45.41469955
United Kingdom;1974;2;66.80316925;2.464694262;34.20000076;46.39317703
United Kingdom;1975;3.200000048;67.24964142;2.159262896;34.90000153;43.74246216
United Kingdom;1976;4.800000191;73.72187805;2.036089897;34.79999924;46.50618362
United Kingdom;1977;5.099999905;74.62773132;1.770742059;34.29999924;48.25107193
United Kingdom;1978;5;70.91011047;1.71167028;32.70000076;50.22860718
United Kingdom;1979;4.599999905;69.003685;1.73136425;31.89999962;50.69952011
United Kingdom;1980;5.599999905;63.34277344;1.414466143;34.79999924;51.71936798
United Kingdom;1981;8.800000191;61.73656082;0.893541694;36.20000076;51.94774246
United Kingdom;1982;10.10000038;47.237957;1.00894928;38.5;51.7413826
United Kingdom;1983;10.80000019;46.91959;1.099545598;36.90000153;50.1713562
United Kingdom;1984;10.89999962;45.47695923;1.43686676;37;48.85430145
United Kingdom;1985;11.19999981;44.53945541;1.547055125;37;46.02088165
United Kingdom;1986;11.19999981;44.15950394;1.545029163;37.40000153;46.0013237
United Kingdom;1987;10.30000019;41.36216736;1.864284039;36.09999847;45.03612137
United Kingdom;1988;8.5;38.73917007;2.457270384;36.20000076;43.00565338
United Kingdom;1989;7.099999905;36.79991531;2.778251886;35.59999847;41.52032089
United Kingdom;1990;6.900000095;35.87258148;2.368302107;35.29999924;39.69960403
United Kingdom;1991;8.600000381;35.81095886;1.538588524;34;39.68624878
United Kingdom;1992;9.800000191;37.19763947;1.268590569;33.09999847;39.84928513
United Kingdom;1993;10.19999981;38.1593132;1.142669916;32;37.94909286
United Kingdom;1994;9.300000191;38.98381042;1.366052389;32.59999847;36.64270782
United Kingdom;1995;8.5;38.20535278;1.617035031;33.59999847;34.42812729
United Kingdom;1996;7.900000095;37.19658661;1.780199051;33.59999847;33.01013947
United Kingdom;1997;6.800000191;54.74671555;2.047958136;34;31.94366264
United Kingdom;1998;6.099999905;53.95784378;2.585416555;35.29999924;30.83940887
United Kingdom;1999;5.900000095;54.45108414;2.453639507;35.70000076;30.5129528
United Kingdom;2000;5.400000095;54.20233154;2.370209932;36.40000153;30.13481522
United Kingdom;2001;5;53.59066772;2.227083206;36.20000076;29.37935448
United Kingdom;2002;5.099999905;55.42531586;2.2180655;34.79999924;29.09413147
United Kingdom;2003;5;57.36058807;2.23845005;34.40000153;28.96775627
United Kingdom;2004;4.699999809;49.98921585;2.302081585;34.90000153;28.28496552
United Kingdom;2005;4.800000191;51.05041122;2.425138712;35.40000153;27.10445786
United Kingdom;2006;5.400000095;47.43872452;2.56553793;36.29999924;27.35329437
United Kingdom;2007;5.300000191;49.81303787;2.888286114;35.70000076;27.35139465
United Kingdom;2008;5.599999905;50.35911179;2.558344126;35.79999924;27.1735611
United Kingdom;2009;7.599999905;52.32435989;1.324264288;34.20000076;27.31342697
United Kingdom;2010;7.800000191;;1.427523851;34.90000153;27.10506058
United Kingdom;2011;8;;1.199506283;35.70000076;26.44547272
United Kingdom;2012;7.900000095;;1.143871427;;
United Kingdom;2013;7.5;;1.039662242;;
United States;1960;5.5;;;;30.89748383
United States;1961;6.699999809;;;;29.51891136
United States;1962;5.5;;;;29.34276962
United States;1963;5.699999809;;;;28.51337624
United States;1964;5.199999809;;;;28.30646133
United States;1965;4.5;;;24.70000076;28.16662025
United States;1966;3.799999952;;;25;28.19557762
United States;1967;3.799999952;;;26.10000038;27.76578903
United States;1968;3.599999905;;;25.5;27.90045738
United States;1969;3.5;;;27.89999962;27.30836105
United States;1970;4.900000095;;;25.70000076;27.43403244
United States;1971;5.900000095;58.8235321;;23.89999962;26.9494133
United States;1972;5.599999905;58.86894989;;24.39999962;26.25996399
United States;1973;4.900000095;59.85523987;;24.39999962;25.83134651
United States;1974;5.599999905;60.08441925;;25.20000076;25.74427223
United States;1975;8.5;59.02945328;;24.60000038;25.28770828
United States;1976;7.699999809;59.90970612;;24;24.38412857
United States;1977;7.099999905;59.37278748;;25.20000076;23.59186363
United States;1978;6.099999905;60.72735596;;25;23.94328499
United States;1979;5.800000191;60.77251434;;25.20000076;23.00168991
United States;1980;7.099999905;61.43256378;;25.5;22.06009483
United States;1981;7.599999905;63.32077408;;25.89999962;20.7327919
United States;1982;9.699999809;63.23713684;;26;20.19414711
United States;1983;9.600000381;64.01520538;;24;19.17241859
United States;1984;7.5;64.0533905;;24.10000038;17.94904709
United States;1985;7.199999809;70.32240295;;24.60000038;17.16806412
United States;1986;7;64.4397583;;24.60000038;16.72077942
United States;1987;6.199999809;60.31425476;;25.60000038;16.23575783
United States;1988;5.5;59.67977142;;25.39999962;15.96695518
United States;1989;5.300000191;59.71642303;;25.60000038;15.58352184
United States;1990;5.5;59.78776169;;26.29999924;15.17098236
United States;1991;6.699999809;59.64584351;;26.10000038;15.18937969
United States;1992;7.400000095;59.40304565;;25.89999962;14.86946869
United States;1993;6.800000191;59.4336586;;26.10000038;14.85605621
United States;1994;6.099999905;59.35268402;;26.5;14.63495159
United States;1995;5.599999905;59.32133102;;26.70000076;14.03713226
United States;1996;5.400000095;58.84503174;;27.10000038;13.74003315
United States;1997;4.900000095;59.04515457;;27.60000038;13.27164841
United States;1998;4.5;58.74443054;;28;13.11522579
United States;1999;4.199999809;56.9303627;;28;13.08621979
United States;2000;4;57.07905197;;28.39999962;12.56825829
United States;2001;4.800000191;55.10302734;;27.39999962;12.57670212
United States;2002;5.800000191;54.83462906;;25.10000038;12.35704899
United States;2003;6;53.52561951;;24.5;12.11094093
United States;2004;5.5;53.93442535;;24.70000076;11.74081898
United States;2005;5.099999905;54.06736755;;26;11.67974663
United States;2006;4.599999905;54.23892593;;26.79999924;11.20409489
United States;2007;4.599999905;54.12522507;;26.89999962;11.28386497
United States;2008;5.800000191;52.25226974;;25.39999962;11.62973404
United States;2009;9.300000191;52.44109726;;23.29999924;11.51353073
United States;2010;9.600000381;;;23.79999924;11.10297108
United States;2011;8.899999619;;;24;11.04899979
United States;2012;8.100000381;;;;
United States;2013;7.400000095;;;;
